This file contains any messages produced by compilers while
running configure, to aid debugging if configure makes a mistake.

It was created by python configure 3.10, which was
generated by GNU Autoconf 2.69.  Invocation command line was

  $ ./configure --enable-optimizations

## --------- ##
## Platform. ##
## --------- ##

hostname = aflxnetpage1
uname -m = x86_64
uname -r = 3.10.0-1160.el7.x86_64
uname -s = Linux
uname -v = #1 SMP Mon Oct 19 16:18:59 UTC 2020

/usr/bin/uname -p = x86_64
/bin/uname -X     = unknown

/bin/arch              = x86_64
/usr/bin/arch -k       = unknown
/usr/convex/getsysinfo = unknown
/usr/bin/hostinfo      = unknown
/bin/machine           = unknown
/usr/bin/oslevel       = unknown
/bin/universe          = unknown

PATH: /root/venv/bin
PATH: /usr/local/sbin
PATH: /usr/local/bin
PATH: /sbin
PATH: /bin
PATH: /usr/sbin
PATH: /usr/bin
PATH: /root/bin


## ----------- ##
## Core tests. ##
## ----------- ##

configure:2888: checking build system type
configure:2902: result: x86_64-pc-linux-gnu
configure:2922: checking host system type
configure:2935: result: x86_64-pc-linux-gnu
configure:2965: checking for python3.10
configure:2981: found /root/venv/bin/python3.10
configure:2992: result: python3.10
configure:3086: checking for --enable-universalsdk
configure:3133: result: no
configure:3157: checking for --with-universal-archs
configure:3172: result: no
configure:3328: checking MACHDEP
configure:3379: result: "linux"
configure:3663: checking for gcc
configure:3679: found /bin/gcc
configure:3690: result: gcc
configure:3919: checking for C compiler version
configure:3928: gcc --version >&5
gcc (GCC) 4.8.5 20150623 (Red Hat 4.8.5-44)
Copyright (C) 2015 Free Software Foundation, Inc.
This is free software; see the source for copying conditions.  There is NO
warranty; not even for MERCHANTABILITY or FITNESS FOR A PARTICULAR PURPOSE.

configure:3939: $? = 0
configure:3928: gcc -v >&5
Using built-in specs.
COLLECT_GCC=gcc
COLLECT_LTO_WRAPPER=/usr/libexec/gcc/x86_64-redhat-linux/4.8.5/lto-wrapper
Target: x86_64-redhat-linux
Configured with: ../configure --prefix=/usr --mandir=/usr/share/man --infodir=/usr/share/info --with-bugurl=http://bugzilla.redhat.com/bugzilla --enable-bootstrap --enable-shared --enable-threads=posix --enable-checking=release --with-system-zlib --enable-__cxa_atexit --disable-libunwind-exceptions --enable-gnu-unique-object --enable-linker-build-id --with-linker-hash-style=gnu --enable-languages=c,c++,objc,obj-c++,java,fortran,ada,go,lto --enable-plugin --enable-initfini-array --disable-libgcj --with-isl=/builddir/build/BUILD/gcc-4.8.5-20150702/obj-x86_64-redhat-linux/isl-install --with-cloog=/builddir/build/BUILD/gcc-4.8.5-20150702/obj-x86_64-redhat-linux/cloog-install --enable-gnu-indirect-function --with-tune=generic --with-arch_32=x86-64 --build=x86_64-redhat-linux
Thread model: posix
gcc version 4.8.5 20150623 (Red Hat 4.8.5-44) (GCC) 
configure:3939: $? = 0
configure:3928: gcc -V >&5
gcc: error: unrecognized command line option '-V'
gcc: fatal error: no input files
compilation terminated.
configure:3939: $? = 4
configure:3928: gcc -qversion >&5
gcc: error: unrecognized command line option '-qversion'
gcc: fatal error: no input files
compilation terminated.
configure:3939: $? = 4
configure:3959: checking whether the C compiler works
configure:3981: gcc    conftest.c  >&5
configure:3985: $? = 0
configure:4033: result: yes
configure:4036: checking for C compiler default output file name
configure:4038: result: a.out
configure:4044: checking for suffix of executables
configure:4051: gcc -o conftest    conftest.c  >&5
configure:4055: $? = 0
configure:4077: result: 
configure:4099: checking whether we are cross compiling
configure:4107: gcc -o conftest    conftest.c  >&5
configure:4111: $? = 0
configure:4118: ./conftest
configure:4122: $? = 0
configure:4137: result: no
configure:4142: checking for suffix of object files
configure:4164: gcc -c   conftest.c >&5
configure:4168: $? = 0
configure:4189: result: o
configure:4193: checking whether we are using the GNU C compiler
configure:4212: gcc -c   conftest.c >&5
configure:4212: $? = 0
configure:4221: result: yes
configure:4230: checking whether gcc accepts -g
configure:4250: gcc -c -g  conftest.c >&5
configure:4250: $? = 0
configure:4291: result: yes
configure:4308: checking for gcc option to accept ISO C89
configure:4371: gcc  -c   conftest.c >&5
configure:4371: $? = 0
configure:4384: result: none needed
configure:4409: checking how to run the C preprocessor
configure:4440: gcc -E  conftest.c
configure:4440: $? = 0
configure:4454: gcc -E  conftest.c
conftest.c:11:28: fatal error: ac_nonexistent.h: No such file or directory
 #include <ac_nonexistent.h>
                            ^
compilation terminated.
configure:4454: $? = 1
configure: failed program was:
| /* confdefs.h */
| #define _GNU_SOURCE 1
| #define _NETBSD_SOURCE 1
| #define __BSD_VISIBLE 1
| #define _DARWIN_C_SOURCE 1
| #define _PYTHONFRAMEWORK ""
| #define _XOPEN_SOURCE 700
| #define _XOPEN_SOURCE_EXTENDED 1
| #define _POSIX_C_SOURCE 200809L
| /* end confdefs.h.  */
| #include <ac_nonexistent.h>
configure:4479: result: gcc -E
configure:4499: gcc -E  conftest.c
configure:4499: $? = 0
configure:4513: gcc -E  conftest.c
conftest.c:11:28: fatal error: ac_nonexistent.h: No such file or directory
 #include <ac_nonexistent.h>
                            ^
compilation terminated.
configure:4513: $? = 1
configure: failed program was:
| /* confdefs.h */
| #define _GNU_SOURCE 1
| #define _NETBSD_SOURCE 1
| #define __BSD_VISIBLE 1
| #define _DARWIN_C_SOURCE 1
| #define _PYTHONFRAMEWORK ""
| #define _XOPEN_SOURCE 700
| #define _XOPEN_SOURCE_EXTENDED 1
| #define _POSIX_C_SOURCE 200809L
| /* end confdefs.h.  */
| #include <ac_nonexistent.h>
configure:4541: checking for grep that handles long lines and -e
configure:4599: result: /bin/grep
configure:4604: checking for a sed that does not truncate output
configure:4668: result: /bin/sed
configure:4676: checking for --with-cxx-main=<compiler>
configure:4702: result: no
configure:4755: checking for g++
configure:4788: result: no
configure:5220:

  By default, distutils will build C++ extension modules with "g++".
  If this is not intended, then set CXX on the configure command line.
  
configure:5229: checking for the platform triplet based on compiler characteristics
configure:5379: result: x86_64-linux-gnu
configure:5387: checking for multiarch
configure:5399: result: 
configure:5416: checking for -Wl,--no-as-needed
configure:5432: gcc -o conftest    -Wl,--no-as-needed conftest.c  >&5
configure:5432: $? = 0
configure:5434: result: yes
configure:5449: checking for egrep
configure:5511: result: /bin/grep -E
configure:5516: checking for ANSI C header files
configure:5536: gcc -c   conftest.c >&5
configure:5536: $? = 0
configure:5609: gcc -o conftest    conftest.c  >&5
configure:5609: $? = 0
configure:5609: ./conftest
configure:5609: $? = 0
configure:5620: result: yes
configure:5633: checking for sys/types.h
configure:5633: gcc -c   conftest.c >&5
configure:5633: $? = 0
configure:5633: result: yes
configure:5633: checking for sys/stat.h
configure:5633: gcc -c   conftest.c >&5
configure:5633: $? = 0
configure:5633: result: yes
configure:5633: checking for stdlib.h
configure:5633: gcc -c   conftest.c >&5
configure:5633: $? = 0
configure:5633: result: yes
configure:5633: checking for string.h
configure:5633: gcc -c   conftest.c >&5
configure:5633: $? = 0
configure:5633: result: yes
configure:5633: checking for memory.h
configure:5633: gcc -c   conftest.c >&5
configure:5633: $? = 0
configure:5633: result: yes
configure:5633: checking for strings.h
configure:5633: gcc -c   conftest.c >&5
configure:5633: $? = 0
configure:5633: result: yes
configure:5633: checking for inttypes.h
configure:5633: gcc -c   conftest.c >&5
configure:5633: $? = 0
configure:5633: result: yes
configure:5633: checking for stdint.h
configure:5633: gcc -c   conftest.c >&5
configure:5633: $? = 0
configure:5633: result: yes
configure:5633: checking for unistd.h
configure:5633: gcc -c   conftest.c >&5
configure:5633: $? = 0
configure:5633: result: yes
configure:5646: checking minix/config.h usability
configure:5646: gcc -c   conftest.c >&5
conftest.c:54:26: fatal error: minix/config.h: No such file or directory
 #include <minix/config.h>
                          ^
compilation terminated.
configure:5646: $? = 1
configure: failed program was:
| /* confdefs.h */
| #define _GNU_SOURCE 1
| #define _NETBSD_SOURCE 1
| #define __BSD_VISIBLE 1
| #define _DARWIN_C_SOURCE 1
| #define _PYTHONFRAMEWORK ""
| #define _XOPEN_SOURCE 700
| #define _XOPEN_SOURCE_EXTENDED 1
| #define _POSIX_C_SOURCE 200809L
| #define STDC_HEADERS 1
| #define HAVE_SYS_TYPES_H 1
| #define HAVE_SYS_STAT_H 1
| #define HAVE_STDLIB_H 1
| #define HAVE_STRING_H 1
| #define HAVE_MEMORY_H 1
| #define HAVE_STRINGS_H 1
| #define HAVE_INTTYPES_H 1
| #define HAVE_STDINT_H 1
| #define HAVE_UNISTD_H 1
| /* end confdefs.h.  */
| #include <stdio.h>
| #ifdef HAVE_SYS_TYPES_H
| # include <sys/types.h>
| #endif
| #ifdef HAVE_SYS_STAT_H
| # include <sys/stat.h>
| #endif
| #ifdef STDC_HEADERS
| # include <stdlib.h>
| # include <stddef.h>
| #else
| # ifdef HAVE_STDLIB_H
| #  include <stdlib.h>
| # endif
| #endif
| #ifdef HAVE_STRING_H
| # if !defined STDC_HEADERS && defined HAVE_MEMORY_H
| #  include <memory.h>
| # endif
| # include <string.h>
| #endif
| #ifdef HAVE_STRINGS_H
| # include <strings.h>
| #endif
| #ifdef HAVE_INTTYPES_H
| # include <inttypes.h>
| #endif
| #ifdef HAVE_STDINT_H
| # include <stdint.h>
| #endif
| #ifdef HAVE_UNISTD_H
| # include <unistd.h>
| #endif
| #include <minix/config.h>
configure:5646: result: no
configure:5646: checking minix/config.h presence
configure:5646: gcc -E  conftest.c
conftest.c:21:26: fatal error: minix/config.h: No such file or directory
 #include <minix/config.h>
                          ^
compilation terminated.
configure:5646: $? = 1
configure: failed program was:
| /* confdefs.h */
| #define _GNU_SOURCE 1
| #define _NETBSD_SOURCE 1
| #define __BSD_VISIBLE 1
| #define _DARWIN_C_SOURCE 1
| #define _PYTHONFRAMEWORK ""
| #define _XOPEN_SOURCE 700
| #define _XOPEN_SOURCE_EXTENDED 1
| #define _POSIX_C_SOURCE 200809L
| #define STDC_HEADERS 1
| #define HAVE_SYS_TYPES_H 1
| #define HAVE_SYS_STAT_H 1
| #define HAVE_STDLIB_H 1
| #define HAVE_STRING_H 1
| #define HAVE_MEMORY_H 1
| #define HAVE_STRINGS_H 1
| #define HAVE_INTTYPES_H 1
| #define HAVE_STDINT_H 1
| #define HAVE_UNISTD_H 1
| /* end confdefs.h.  */
| #include <minix/config.h>
configure:5646: result: no
configure:5646: checking for minix/config.h
configure:5646: result: no
configure:5667: checking whether it is safe to define __EXTENSIONS__
configure:5685: gcc -c   conftest.c >&5
configure:5685: $? = 0
configure:5692: result: yes
configure:5707: checking for the Android API level
configure:5742: result: not Android
configure:5756: checking for --with-suffix
configure:5769: result: 
configure:5775: checking for case-insensitive build directory
configure:5787: result: no
configure:5801: checking LIBRARY
configure:5807: result: libpython$(VERSION)$(ABIFLAGS).a
configure:5847: checking LINKCC
configure:5859: result: $(PURIFY) $(MAINCC)
configure:5868: checking EXPORTSYMS
configure:5876: result: 
configure:5885: checking for GNU ld
configure:5897: result: yes
configure:5900: checking for --enable-shared
configure:5917: result: no
configure:5920: checking for --enable-profiling
configure:5945: result: no
configure:5953: checking LDLIBRARY
configure:6039: result: libpython$(VERSION)$(ABIFLAGS).a
configure:6092: checking for ar
configure:6108: found /bin/ar
configure:6119: result: ar
configure:6200: checking for readelf
configure:6216: found /bin/readelf
configure:6227: result: readelf
configure:6283: checking for a BSD-compatible install
configure:6351: result: /bin/install -c
configure:6362: checking for a thread-safe mkdir -p
configure:6401: result: /bin/mkdir -p
configure:6419: checking for --with-pydebug
configure:6438: result: no
configure:6445: checking for --with-trace-refs
configure:6455: result: no
configure:6468: checking for --with-assertions
configure:6488: result: no
configure:6496: checking for --enable-optimizations
configure:6504: result: yes
configure:6526: checking whether C compiler accepts -fno-semantic-interposition
configure:6545: gcc -c   -fno-semantic-interposition  conftest.c >&5
gcc: error: unrecognized command line option '-fno-semantic-interposition'
configure:6545: $? = 1
configure: failed program was:
| /* confdefs.h */
| #define _GNU_SOURCE 1
| #define _NETBSD_SOURCE 1
| #define __BSD_VISIBLE 1
| #define _DARWIN_C_SOURCE 1
| #define _PYTHONFRAMEWORK ""
| #define _XOPEN_SOURCE 700
| #define _XOPEN_SOURCE_EXTENDED 1
| #define _POSIX_C_SOURCE 200809L
| #define STDC_HEADERS 1
| #define HAVE_SYS_TYPES_H 1
| #define HAVE_SYS_STAT_H 1
| #define HAVE_STDLIB_H 1
| #define HAVE_STRING_H 1
| #define HAVE_MEMORY_H 1
| #define HAVE_STRINGS_H 1
| #define HAVE_INTTYPES_H 1
| #define HAVE_STDINT_H 1
| #define HAVE_UNISTD_H 1
| #define __EXTENSIONS__ 1
| #define _ALL_SOURCE 1
| #define _GNU_SOURCE 1
| #define _POSIX_PTHREAD_SEMANTICS 1
| #define _TANDEM_SOURCE 1
| /* end confdefs.h.  */
| 
| int
| main ()
| {
| 
|   ;
|   return 0;
| }
configure:6553: result: no
configure:6575: checking PROFILE_TASK
configure:6581: result: -m test --pgo --timeout=$(TESTTIMEOUT)
configure:6605: checking for --with-lto
configure:6622: result: no
configure:6843: checking for llvm-profdata
configure:6876: result: no
configure:7056: checking for -Wextra
configure:7076: gcc -Wextra -Werror -c   conftest.c >&5
configure:7076: $? = 0
configure:7089: result: yes
configure:7101: checking whether gcc accepts and needs -fno-strict-aliasing
configure:7122: gcc -fno-strict-aliasing -c   conftest.c >&5
configure:7122: $? = 0
configure:7139: gcc -fstrict-aliasing -c  -Werror -Wstrict-aliasing  conftest.c >&5
configure:7139: $? = 0
configure:7160: result: no
configure:7174: checking if we can turn off gcc unused result warning
configure:7195: gcc -Wunused-result -Werror -c   conftest.c >&5
configure:7195: $? = 0
configure:7209: result: yes
configure:7220: checking if we can turn off gcc unused parameter warning
configure:7240: gcc -Wunused-parameter -Werror -c   conftest.c >&5
configure:7240: $? = 0
configure:7253: result: yes
configure:7261: checking if we can turn off gcc missing field initializers warning
configure:7281: gcc -Wmissing-field-initializers -Werror -c   conftest.c >&5
configure:7281: $? = 0
configure:7294: result: yes
configure:7302: checking if we can turn on gcc mixed sign comparison warning
configure:7323: gcc -Wsign-compare -c   conftest.c >&5
configure:7323: $? = 0
configure:7337: result: yes
configure:7345: checking if we can turn on gcc unreachable code warning
configure:7366: gcc -Wunreachable-code -c   conftest.c >&5
configure:7366: $? = 0
configure:7396: result: no
configure:7399: checking if we can turn on gcc strict-prototypes warning
configure:7419: gcc -Werror -Wstrict-prototypes -c   conftest.c >&5
conftest.c:29:1: error: function declaration isn't a prototype [-Werror=strict-prototypes]
 main ()
 ^
cc1: all warnings being treated as errors
configure:7419: $? = 1
configure: failed program was:
| /* confdefs.h */
| #define _GNU_SOURCE 1
| #define _NETBSD_SOURCE 1
| #define __BSD_VISIBLE 1
| #define _DARWIN_C_SOURCE 1
| #define _PYTHONFRAMEWORK ""
| #define _XOPEN_SOURCE 700
| #define _XOPEN_SOURCE_EXTENDED 1
| #define _POSIX_C_SOURCE 200809L
| #define STDC_HEADERS 1
| #define HAVE_SYS_TYPES_H 1
| #define HAVE_SYS_STAT_H 1
| #define HAVE_STDLIB_H 1
| #define HAVE_STRING_H 1
| #define HAVE_MEMORY_H 1
| #define HAVE_STRINGS_H 1
| #define HAVE_INTTYPES_H 1
| #define HAVE_STDINT_H 1
| #define HAVE_UNISTD_H 1
| #define __EXTENSIONS__ 1
| #define _ALL_SOURCE 1
| #define _GNU_SOURCE 1
| #define _POSIX_PTHREAD_SEMANTICS 1
| #define _TANDEM_SOURCE 1
| /* end confdefs.h.  */
| 
| 
| int
| main ()
| {
| 
|   ;
|   return 0;
| }
| 
configure:7432: result: no
configure:7440: checking if we can make implicit function declaration an error in gcc
configure:7460: gcc -Werror=implicit-function-declaration -c   conftest.c >&5
configure:7460: $? = 0
configure:7473: result: yes
configure:7481: checking if we can use visibility in gcc
configure:7501: gcc -fvisibility=hidden -c   conftest.c >&5
configure:7501: $? = 0
configure:7514: result: yes
configure:7739: checking whether pthreads are available without options
configure:7764: gcc -o conftest    conftest.c  >&5
/tmp/ccvUkcaf.o: In function `main':
conftest.c:(.text+0x2e): undefined reference to `pthread_create'
conftest.c:(.text+0x45): undefined reference to `pthread_detach'
collect2: error: ld returned 1 exit status
configure:7764: $? = 1
configure: program exited with status 1
configure: failed program was:
| /* confdefs.h */
| #define _GNU_SOURCE 1
| #define _NETBSD_SOURCE 1
| #define __BSD_VISIBLE 1
| #define _DARWIN_C_SOURCE 1
| #define _PYTHONFRAMEWORK ""
| #define _XOPEN_SOURCE 700
| #define _XOPEN_SOURCE_EXTENDED 1
| #define _POSIX_C_SOURCE 200809L
| #define STDC_HEADERS 1
| #define HAVE_SYS_TYPES_H 1
| #define HAVE_SYS_STAT_H 1
| #define HAVE_STDLIB_H 1
| #define HAVE_STRING_H 1
| #define HAVE_MEMORY_H 1
| #define HAVE_STRINGS_H 1
| #define HAVE_INTTYPES_H 1
| #define HAVE_STDINT_H 1
| #define HAVE_UNISTD_H 1
| #define __EXTENSIONS__ 1
| #define _ALL_SOURCE 1
| #define _GNU_SOURCE 1
| #define _POSIX_PTHREAD_SEMANTICS 1
| #define _TANDEM_SOURCE 1
| /* end confdefs.h.  */
| 
| #include <stdio.h>
| #include <pthread.h>
| 
| void* routine(void* p){return NULL;}
| 
| int main(void){
|   pthread_t p;
|   if(pthread_create(&p,NULL,routine,NULL)!=0)
|     return 1;
|   (void)pthread_detach(p);
|   return 0;
| }
| 
configure:7780: result: no
configure:7793: checking whether gcc accepts -Kpthread
configure:7820: gcc -Kpthread -o conftest    conftest.c  >&5
gcc: error: unrecognized command line option '-Kpthread'
configure:7820: $? = 1
configure: program exited with status 1
configure: failed program was:
| /* confdefs.h */
| #define _GNU_SOURCE 1
| #define _NETBSD_SOURCE 1
| #define __BSD_VISIBLE 1
| #define _DARWIN_C_SOURCE 1
| #define _PYTHONFRAMEWORK ""
| #define _XOPEN_SOURCE 700
| #define _XOPEN_SOURCE_EXTENDED 1
| #define _POSIX_C_SOURCE 200809L
| #define STDC_HEADERS 1
| #define HAVE_SYS_TYPES_H 1
| #define HAVE_SYS_STAT_H 1
| #define HAVE_STDLIB_H 1
| #define HAVE_STRING_H 1
| #define HAVE_MEMORY_H 1
| #define HAVE_STRINGS_H 1
| #define HAVE_INTTYPES_H 1
| #define HAVE_STDINT_H 1
| #define HAVE_UNISTD_H 1
| #define __EXTENSIONS__ 1
| #define _ALL_SOURCE 1
| #define _GNU_SOURCE 1
| #define _POSIX_PTHREAD_SEMANTICS 1
| #define _TANDEM_SOURCE 1
| /* end confdefs.h.  */
| 
| #include <stdio.h>
| #include <pthread.h>
| 
| void* routine(void* p){return NULL;}
| 
| int main(void){
|   pthread_t p;
|   if(pthread_create(&p,NULL,routine,NULL)!=0)
|     return 1;
|   (void)pthread_detach(p);
|   return 0;
| }
| 
configure:7832: result: no
configure:7843: checking whether gcc accepts -Kthread
configure:7870: gcc -Kthread -o conftest    conftest.c  >&5
gcc: error: unrecognized command line option '-Kthread'
configure:7870: $? = 1
configure: program exited with status 1
configure: failed program was:
| /* confdefs.h */
| #define _GNU_SOURCE 1
| #define _NETBSD_SOURCE 1
| #define __BSD_VISIBLE 1
| #define _DARWIN_C_SOURCE 1
| #define _PYTHONFRAMEWORK ""
| #define _XOPEN_SOURCE 700
| #define _XOPEN_SOURCE_EXTENDED 1
| #define _POSIX_C_SOURCE 200809L
| #define STDC_HEADERS 1
| #define HAVE_SYS_TYPES_H 1
| #define HAVE_SYS_STAT_H 1
| #define HAVE_STDLIB_H 1
| #define HAVE_STRING_H 1
| #define HAVE_MEMORY_H 1
| #define HAVE_STRINGS_H 1
| #define HAVE_INTTYPES_H 1
| #define HAVE_STDINT_H 1
| #define HAVE_UNISTD_H 1
| #define __EXTENSIONS__ 1
| #define _ALL_SOURCE 1
| #define _GNU_SOURCE 1
| #define _POSIX_PTHREAD_SEMANTICS 1
| #define _TANDEM_SOURCE 1
| /* end confdefs.h.  */
| 
| #include <stdio.h>
| #include <pthread.h>
| 
| void* routine(void* p){return NULL;}
| 
| int main(void){
|   pthread_t p;
|   if(pthread_create(&p,NULL,routine,NULL)!=0)
|     return 1;
|   (void)pthread_detach(p);
|   return 0;
| }
| 
configure:7882: result: no
configure:7893: checking whether gcc accepts -pthread
configure:7920: gcc -pthread -o conftest    conftest.c  >&5
configure:7920: $? = 0
configure:7920: ./conftest
configure:7920: $? = 0
configure:7932: result: yes
configure:7941: checking whether g++ also accepts flags for thread support
configure:7972: result: yes
configure:7979: checking for ANSI C header files
configure:8083: result: yes
configure:8108: checking asm/types.h usability
configure:8108: gcc -c   conftest.c >&5
configure:8108: $? = 0
configure:8108: result: yes
configure:8108: checking asm/types.h presence
configure:8108: gcc -E  conftest.c
configure:8108: $? = 0
configure:8108: result: yes
configure:8108: checking for asm/types.h
configure:8108: result: yes
configure:8108: checking crypt.h usability
configure:8108: gcc -c   conftest.c >&5
configure:8108: $? = 0
configure:8108: result: yes
configure:8108: checking crypt.h presence
configure:8108: gcc -E  conftest.c
configure:8108: $? = 0
configure:8108: result: yes
configure:8108: checking for crypt.h
configure:8108: result: yes
configure:8108: checking conio.h usability
configure:8108: gcc -c   conftest.c >&5
conftest.c:62:19: fatal error: conio.h: No such file or directory
 #include <conio.h>
                   ^
compilation terminated.
configure:8108: $? = 1
configure: failed program was:
| /* confdefs.h */
| #define _GNU_SOURCE 1
| #define _NETBSD_SOURCE 1
| #define __BSD_VISIBLE 1
| #define _DARWIN_C_SOURCE 1
| #define _PYTHONFRAMEWORK ""
| #define _XOPEN_SOURCE 700
| #define _XOPEN_SOURCE_EXTENDED 1
| #define _POSIX_C_SOURCE 200809L
| #define STDC_HEADERS 1
| #define HAVE_SYS_TYPES_H 1
| #define HAVE_SYS_STAT_H 1
| #define HAVE_STDLIB_H 1
| #define HAVE_STRING_H 1
| #define HAVE_MEMORY_H 1
| #define HAVE_STRINGS_H 1
| #define HAVE_INTTYPES_H 1
| #define HAVE_STDINT_H 1
| #define HAVE_UNISTD_H 1
| #define __EXTENSIONS__ 1
| #define _ALL_SOURCE 1
| #define _GNU_SOURCE 1
| #define _POSIX_PTHREAD_SEMANTICS 1
| #define _TANDEM_SOURCE 1
| #define STDC_HEADERS 1
| #define HAVE_ASM_TYPES_H 1
| #define HAVE_CRYPT_H 1
| /* end confdefs.h.  */
| #include <stdio.h>
| #ifdef HAVE_SYS_TYPES_H
| # include <sys/types.h>
| #endif
| #ifdef HAVE_SYS_STAT_H
| # include <sys/stat.h>
| #endif
| #ifdef STDC_HEADERS
| # include <stdlib.h>
| # include <stddef.h>
| #else
| # ifdef HAVE_STDLIB_H
| #  include <stdlib.h>
| # endif
| #endif
| #ifdef HAVE_STRING_H
| # if !defined STDC_HEADERS && defined HAVE_MEMORY_H
| #  include <memory.h>
| # endif
| # include <string.h>
| #endif
| #ifdef HAVE_STRINGS_H
| # include <strings.h>
| #endif
| #ifdef HAVE_INTTYPES_H
| # include <inttypes.h>
| #endif
| #ifdef HAVE_STDINT_H
| # include <stdint.h>
| #endif
| #ifdef HAVE_UNISTD_H
| # include <unistd.h>
| #endif
| #include <conio.h>
configure:8108: result: no
configure:8108: checking conio.h presence
configure:8108: gcc -E  conftest.c
conftest.c:29:19: fatal error: conio.h: No such file or directory
 #include <conio.h>
                   ^
compilation terminated.
configure:8108: $? = 1
configure: failed program was:
| /* confdefs.h */
| #define _GNU_SOURCE 1
| #define _NETBSD_SOURCE 1
| #define __BSD_VISIBLE 1
| #define _DARWIN_C_SOURCE 1
| #define _PYTHONFRAMEWORK ""
| #define _XOPEN_SOURCE 700
| #define _XOPEN_SOURCE_EXTENDED 1
| #define _POSIX_C_SOURCE 200809L
| #define STDC_HEADERS 1
| #define HAVE_SYS_TYPES_H 1
| #define HAVE_SYS_STAT_H 1
| #define HAVE_STDLIB_H 1
| #define HAVE_STRING_H 1
| #define HAVE_MEMORY_H 1
| #define HAVE_STRINGS_H 1
| #define HAVE_INTTYPES_H 1
| #define HAVE_STDINT_H 1
| #define HAVE_UNISTD_H 1
| #define __EXTENSIONS__ 1
| #define _ALL_SOURCE 1
| #define _GNU_SOURCE 1
| #define _POSIX_PTHREAD_SEMANTICS 1
| #define _TANDEM_SOURCE 1
| #define STDC_HEADERS 1
| #define HAVE_ASM_TYPES_H 1
| #define HAVE_CRYPT_H 1
| /* end confdefs.h.  */
| #include <conio.h>
configure:8108: result: no
configure:8108: checking for conio.h
configure:8108: result: no
configure:8108: checking direct.h usability
configure:8108: gcc -c   conftest.c >&5
conftest.c:62:20: fatal error: direct.h: No such file or directory
 #include <direct.h>
                    ^
compilation terminated.
configure:8108: $? = 1
configure: failed program was:
| /* confdefs.h */
| #define _GNU_SOURCE 1
| #define _NETBSD_SOURCE 1
| #define __BSD_VISIBLE 1
| #define _DARWIN_C_SOURCE 1
| #define _PYTHONFRAMEWORK ""
| #define _XOPEN_SOURCE 700
| #define _XOPEN_SOURCE_EXTENDED 1
| #define _POSIX_C_SOURCE 200809L
| #define STDC_HEADERS 1
| #define HAVE_SYS_TYPES_H 1
| #define HAVE_SYS_STAT_H 1
| #define HAVE_STDLIB_H 1
| #define HAVE_STRING_H 1
| #define HAVE_MEMORY_H 1
| #define HAVE_STRINGS_H 1
| #define HAVE_INTTYPES_H 1
| #define HAVE_STDINT_H 1
| #define HAVE_UNISTD_H 1
| #define __EXTENSIONS__ 1
| #define _ALL_SOURCE 1
| #define _GNU_SOURCE 1
| #define _POSIX_PTHREAD_SEMANTICS 1
| #define _TANDEM_SOURCE 1
| #define STDC_HEADERS 1
| #define HAVE_ASM_TYPES_H 1
| #define HAVE_CRYPT_H 1
| /* end confdefs.h.  */
| #include <stdio.h>
| #ifdef HAVE_SYS_TYPES_H
| # include <sys/types.h>
| #endif
| #ifdef HAVE_SYS_STAT_H
| # include <sys/stat.h>
| #endif
| #ifdef STDC_HEADERS
| # include <stdlib.h>
| # include <stddef.h>
| #else
| # ifdef HAVE_STDLIB_H
| #  include <stdlib.h>
| # endif
| #endif
| #ifdef HAVE_STRING_H
| # if !defined STDC_HEADERS && defined HAVE_MEMORY_H
| #  include <memory.h>
| # endif
| # include <string.h>
| #endif
| #ifdef HAVE_STRINGS_H
| # include <strings.h>
| #endif
| #ifdef HAVE_INTTYPES_H
| # include <inttypes.h>
| #endif
| #ifdef HAVE_STDINT_H
| # include <stdint.h>
| #endif
| #ifdef HAVE_UNISTD_H
| # include <unistd.h>
| #endif
| #include <direct.h>
configure:8108: result: no
configure:8108: checking direct.h presence
configure:8108: gcc -E  conftest.c
conftest.c:29:20: fatal error: direct.h: No such file or directory
 #include <direct.h>
                    ^
compilation terminated.
configure:8108: $? = 1
configure: failed program was:
| /* confdefs.h */
| #define _GNU_SOURCE 1
| #define _NETBSD_SOURCE 1
| #define __BSD_VISIBLE 1
| #define _DARWIN_C_SOURCE 1
| #define _PYTHONFRAMEWORK ""
| #define _XOPEN_SOURCE 700
| #define _XOPEN_SOURCE_EXTENDED 1
| #define _POSIX_C_SOURCE 200809L
| #define STDC_HEADERS 1
| #define HAVE_SYS_TYPES_H 1
| #define HAVE_SYS_STAT_H 1
| #define HAVE_STDLIB_H 1
| #define HAVE_STRING_H 1
| #define HAVE_MEMORY_H 1
| #define HAVE_STRINGS_H 1
| #define HAVE_INTTYPES_H 1
| #define HAVE_STDINT_H 1
| #define HAVE_UNISTD_H 1
| #define __EXTENSIONS__ 1
| #define _ALL_SOURCE 1
| #define _GNU_SOURCE 1
| #define _POSIX_PTHREAD_SEMANTICS 1
| #define _TANDEM_SOURCE 1
| #define STDC_HEADERS 1
| #define HAVE_ASM_TYPES_H 1
| #define HAVE_CRYPT_H 1
| /* end confdefs.h.  */
| #include <direct.h>
configure:8108: result: no
configure:8108: checking for direct.h
configure:8108: result: no
configure:8108: checking dlfcn.h usability
configure:8108: gcc -c   conftest.c >&5
configure:8108: $? = 0
configure:8108: result: yes
configure:8108: checking dlfcn.h presence
configure:8108: gcc -E  conftest.c
configure:8108: $? = 0
configure:8108: result: yes
configure:8108: checking for dlfcn.h
configure:8108: result: yes
configure:8108: checking errno.h usability
configure:8108: gcc -c   conftest.c >&5
configure:8108: $? = 0
configure:8108: result: yes
configure:8108: checking errno.h presence
configure:8108: gcc -E  conftest.c
configure:8108: $? = 0
configure:8108: result: yes
configure:8108: checking for errno.h
configure:8108: result: yes
configure:8108: checking fcntl.h usability
configure:8108: gcc -c   conftest.c >&5
configure:8108: $? = 0
configure:8108: result: yes
configure:8108: checking fcntl.h presence
configure:8108: gcc -E  conftest.c
configure:8108: $? = 0
configure:8108: result: yes
configure:8108: checking for fcntl.h
configure:8108: result: yes
configure:8108: checking grp.h usability
configure:8108: gcc -c   conftest.c >&5
configure:8108: $? = 0
configure:8108: result: yes
configure:8108: checking grp.h presence
configure:8108: gcc -E  conftest.c
configure:8108: $? = 0
configure:8108: result: yes
configure:8108: checking for grp.h
configure:8108: result: yes
configure:8108: checking ieeefp.h usability
configure:8108: gcc -c   conftest.c >&5
conftest.c:66:20: fatal error: ieeefp.h: No such file or directory
 #include <ieeefp.h>
                    ^
compilation terminated.
configure:8108: $? = 1
configure: failed program was:
| /* confdefs.h */
| #define _GNU_SOURCE 1
| #define _NETBSD_SOURCE 1
| #define __BSD_VISIBLE 1
| #define _DARWIN_C_SOURCE 1
| #define _PYTHONFRAMEWORK ""
| #define _XOPEN_SOURCE 700
| #define _XOPEN_SOURCE_EXTENDED 1
| #define _POSIX_C_SOURCE 200809L
| #define STDC_HEADERS 1
| #define HAVE_SYS_TYPES_H 1
| #define HAVE_SYS_STAT_H 1
| #define HAVE_STDLIB_H 1
| #define HAVE_STRING_H 1
| #define HAVE_MEMORY_H 1
| #define HAVE_STRINGS_H 1
| #define HAVE_INTTYPES_H 1
| #define HAVE_STDINT_H 1
| #define HAVE_UNISTD_H 1
| #define __EXTENSIONS__ 1
| #define _ALL_SOURCE 1
| #define _GNU_SOURCE 1
| #define _POSIX_PTHREAD_SEMANTICS 1
| #define _TANDEM_SOURCE 1
| #define STDC_HEADERS 1
| #define HAVE_ASM_TYPES_H 1
| #define HAVE_CRYPT_H 1
| #define HAVE_DLFCN_H 1
| #define HAVE_ERRNO_H 1
| #define HAVE_FCNTL_H 1
| #define HAVE_GRP_H 1
| /* end confdefs.h.  */
| #include <stdio.h>
| #ifdef HAVE_SYS_TYPES_H
| # include <sys/types.h>
| #endif
| #ifdef HAVE_SYS_STAT_H
| # include <sys/stat.h>
| #endif
| #ifdef STDC_HEADERS
| # include <stdlib.h>
| # include <stddef.h>
| #else
| # ifdef HAVE_STDLIB_H
| #  include <stdlib.h>
| # endif
| #endif
| #ifdef HAVE_STRING_H
| # if !defined STDC_HEADERS && defined HAVE_MEMORY_H
| #  include <memory.h>
| # endif
| # include <string.h>
| #endif
| #ifdef HAVE_STRINGS_H
| # include <strings.h>
| #endif
| #ifdef HAVE_INTTYPES_H
| # include <inttypes.h>
| #endif
| #ifdef HAVE_STDINT_H
| # include <stdint.h>
| #endif
| #ifdef HAVE_UNISTD_H
| # include <unistd.h>
| #endif
| #include <ieeefp.h>
configure:8108: result: no
configure:8108: checking ieeefp.h presence
configure:8108: gcc -E  conftest.c
conftest.c:33:20: fatal error: ieeefp.h: No such file or directory
 #include <ieeefp.h>
                    ^
compilation terminated.
configure:8108: $? = 1
configure: failed program was:
| /* confdefs.h */
| #define _GNU_SOURCE 1
| #define _NETBSD_SOURCE 1
| #define __BSD_VISIBLE 1
| #define _DARWIN_C_SOURCE 1
| #define _PYTHONFRAMEWORK ""
| #define _XOPEN_SOURCE 700
| #define _XOPEN_SOURCE_EXTENDED 1
| #define _POSIX_C_SOURCE 200809L
| #define STDC_HEADERS 1
| #define HAVE_SYS_TYPES_H 1
| #define HAVE_SYS_STAT_H 1
| #define HAVE_STDLIB_H 1
| #define HAVE_STRING_H 1
| #define HAVE_MEMORY_H 1
| #define HAVE_STRINGS_H 1
| #define HAVE_INTTYPES_H 1
| #define HAVE_STDINT_H 1
| #define HAVE_UNISTD_H 1
| #define __EXTENSIONS__ 1
| #define _ALL_SOURCE 1
| #define _GNU_SOURCE 1
| #define _POSIX_PTHREAD_SEMANTICS 1
| #define _TANDEM_SOURCE 1
| #define STDC_HEADERS 1
| #define HAVE_ASM_TYPES_H 1
| #define HAVE_CRYPT_H 1
| #define HAVE_DLFCN_H 1
| #define HAVE_ERRNO_H 1
| #define HAVE_FCNTL_H 1
| #define HAVE_GRP_H 1
| /* end confdefs.h.  */
| #include <ieeefp.h>
configure:8108: result: no
configure:8108: checking for ieeefp.h
configure:8108: result: no
configure:8108: checking io.h usability
configure:8108: gcc -c   conftest.c >&5
conftest.c:66:16: fatal error: io.h: No such file or directory
 #include <io.h>
                ^
compilation terminated.
configure:8108: $? = 1
configure: failed program was:
| /* confdefs.h */
| #define _GNU_SOURCE 1
| #define _NETBSD_SOURCE 1
| #define __BSD_VISIBLE 1
| #define _DARWIN_C_SOURCE 1
| #define _PYTHONFRAMEWORK ""
| #define _XOPEN_SOURCE 700
| #define _XOPEN_SOURCE_EXTENDED 1
| #define _POSIX_C_SOURCE 200809L
| #define STDC_HEADERS 1
| #define HAVE_SYS_TYPES_H 1
| #define HAVE_SYS_STAT_H 1
| #define HAVE_STDLIB_H 1
| #define HAVE_STRING_H 1
| #define HAVE_MEMORY_H 1
| #define HAVE_STRINGS_H 1
| #define HAVE_INTTYPES_H 1
| #define HAVE_STDINT_H 1
| #define HAVE_UNISTD_H 1
| #define __EXTENSIONS__ 1
| #define _ALL_SOURCE 1
| #define _GNU_SOURCE 1
| #define _POSIX_PTHREAD_SEMANTICS 1
| #define _TANDEM_SOURCE 1
| #define STDC_HEADERS 1
| #define HAVE_ASM_TYPES_H 1
| #define HAVE_CRYPT_H 1
| #define HAVE_DLFCN_H 1
| #define HAVE_ERRNO_H 1
| #define HAVE_FCNTL_H 1
| #define HAVE_GRP_H 1
| /* end confdefs.h.  */
| #include <stdio.h>
| #ifdef HAVE_SYS_TYPES_H
| # include <sys/types.h>
| #endif
| #ifdef HAVE_SYS_STAT_H
| # include <sys/stat.h>
| #endif
| #ifdef STDC_HEADERS
| # include <stdlib.h>
| # include <stddef.h>
| #else
| # ifdef HAVE_STDLIB_H
| #  include <stdlib.h>
| # endif
| #endif
| #ifdef HAVE_STRING_H
| # if !defined STDC_HEADERS && defined HAVE_MEMORY_H
| #  include <memory.h>
| # endif
| # include <string.h>
| #endif
| #ifdef HAVE_STRINGS_H
| # include <strings.h>
| #endif
| #ifdef HAVE_INTTYPES_H
| # include <inttypes.h>
| #endif
| #ifdef HAVE_STDINT_H
| # include <stdint.h>
| #endif
| #ifdef HAVE_UNISTD_H
| # include <unistd.h>
| #endif
| #include <io.h>
configure:8108: result: no
configure:8108: checking io.h presence
configure:8108: gcc -E  conftest.c
conftest.c:33:16: fatal error: io.h: No such file or directory
 #include <io.h>
                ^
compilation terminated.
configure:8108: $? = 1
configure: failed program was:
| /* confdefs.h */
| #define _GNU_SOURCE 1
| #define _NETBSD_SOURCE 1
| #define __BSD_VISIBLE 1
| #define _DARWIN_C_SOURCE 1
| #define _PYTHONFRAMEWORK ""
| #define _XOPEN_SOURCE 700
| #define _XOPEN_SOURCE_EXTENDED 1
| #define _POSIX_C_SOURCE 200809L
| #define STDC_HEADERS 1
| #define HAVE_SYS_TYPES_H 1
| #define HAVE_SYS_STAT_H 1
| #define HAVE_STDLIB_H 1
| #define HAVE_STRING_H 1
| #define HAVE_MEMORY_H 1
| #define HAVE_STRINGS_H 1
| #define HAVE_INTTYPES_H 1
| #define HAVE_STDINT_H 1
| #define HAVE_UNISTD_H 1
| #define __EXTENSIONS__ 1
| #define _ALL_SOURCE 1
| #define _GNU_SOURCE 1
| #define _POSIX_PTHREAD_SEMANTICS 1
| #define _TANDEM_SOURCE 1
| #define STDC_HEADERS 1
| #define HAVE_ASM_TYPES_H 1
| #define HAVE_CRYPT_H 1
| #define HAVE_DLFCN_H 1
| #define HAVE_ERRNO_H 1
| #define HAVE_FCNTL_H 1
| #define HAVE_GRP_H 1
| /* end confdefs.h.  */
| #include <io.h>
configure:8108: result: no
configure:8108: checking for io.h
configure:8108: result: no
configure:8108: checking langinfo.h usability
configure:8108: gcc -c   conftest.c >&5
configure:8108: $? = 0
configure:8108: result: yes
configure:8108: checking langinfo.h presence
configure:8108: gcc -E  conftest.c
configure:8108: $? = 0
configure:8108: result: yes
configure:8108: checking for langinfo.h
configure:8108: result: yes
configure:8108: checking libintl.h usability
configure:8108: gcc -c   conftest.c >&5
configure:8108: $? = 0
configure:8108: result: yes
configure:8108: checking libintl.h presence
configure:8108: gcc -E  conftest.c
configure:8108: $? = 0
configure:8108: result: yes
configure:8108: checking for libintl.h
configure:8108: result: yes
configure:8108: checking process.h usability
configure:8108: gcc -c   conftest.c >&5
conftest.c:68:21: fatal error: process.h: No such file or directory
 #include <process.h>
                     ^
compilation terminated.
configure:8108: $? = 1
configure: failed program was:
| /* confdefs.h */
| #define _GNU_SOURCE 1
| #define _NETBSD_SOURCE 1
| #define __BSD_VISIBLE 1
| #define _DARWIN_C_SOURCE 1
| #define _PYTHONFRAMEWORK ""
| #define _XOPEN_SOURCE 700
| #define _XOPEN_SOURCE_EXTENDED 1
| #define _POSIX_C_SOURCE 200809L
| #define STDC_HEADERS 1
| #define HAVE_SYS_TYPES_H 1
| #define HAVE_SYS_STAT_H 1
| #define HAVE_STDLIB_H 1
| #define HAVE_STRING_H 1
| #define HAVE_MEMORY_H 1
| #define HAVE_STRINGS_H 1
| #define HAVE_INTTYPES_H 1
| #define HAVE_STDINT_H 1
| #define HAVE_UNISTD_H 1
| #define __EXTENSIONS__ 1
| #define _ALL_SOURCE 1
| #define _GNU_SOURCE 1
| #define _POSIX_PTHREAD_SEMANTICS 1
| #define _TANDEM_SOURCE 1
| #define STDC_HEADERS 1
| #define HAVE_ASM_TYPES_H 1
| #define HAVE_CRYPT_H 1
| #define HAVE_DLFCN_H 1
| #define HAVE_ERRNO_H 1
| #define HAVE_FCNTL_H 1
| #define HAVE_GRP_H 1
| #define HAVE_LANGINFO_H 1
| #define HAVE_LIBINTL_H 1
| /* end confdefs.h.  */
| #include <stdio.h>
| #ifdef HAVE_SYS_TYPES_H
| # include <sys/types.h>
| #endif
| #ifdef HAVE_SYS_STAT_H
| # include <sys/stat.h>
| #endif
| #ifdef STDC_HEADERS
| # include <stdlib.h>
| # include <stddef.h>
| #else
| # ifdef HAVE_STDLIB_H
| #  include <stdlib.h>
| # endif
| #endif
| #ifdef HAVE_STRING_H
| # if !defined STDC_HEADERS && defined HAVE_MEMORY_H
| #  include <memory.h>
| # endif
| # include <string.h>
| #endif
| #ifdef HAVE_STRINGS_H
| # include <strings.h>
| #endif
| #ifdef HAVE_INTTYPES_H
| # include <inttypes.h>
| #endif
| #ifdef HAVE_STDINT_H
| # include <stdint.h>
| #endif
| #ifdef HAVE_UNISTD_H
| # include <unistd.h>
| #endif
| #include <process.h>
configure:8108: result: no
configure:8108: checking process.h presence
configure:8108: gcc -E  conftest.c
conftest.c:35:21: fatal error: process.h: No such file or directory
 #include <process.h>
                     ^
compilation terminated.
configure:8108: $? = 1
configure: failed program was:
| /* confdefs.h */
| #define _GNU_SOURCE 1
| #define _NETBSD_SOURCE 1
| #define __BSD_VISIBLE 1
| #define _DARWIN_C_SOURCE 1
| #define _PYTHONFRAMEWORK ""
| #define _XOPEN_SOURCE 700
| #define _XOPEN_SOURCE_EXTENDED 1
| #define _POSIX_C_SOURCE 200809L
| #define STDC_HEADERS 1
| #define HAVE_SYS_TYPES_H 1
| #define HAVE_SYS_STAT_H 1
| #define HAVE_STDLIB_H 1
| #define HAVE_STRING_H 1
| #define HAVE_MEMORY_H 1
| #define HAVE_STRINGS_H 1
| #define HAVE_INTTYPES_H 1
| #define HAVE_STDINT_H 1
| #define HAVE_UNISTD_H 1
| #define __EXTENSIONS__ 1
| #define _ALL_SOURCE 1
| #define _GNU_SOURCE 1
| #define _POSIX_PTHREAD_SEMANTICS 1
| #define _TANDEM_SOURCE 1
| #define STDC_HEADERS 1
| #define HAVE_ASM_TYPES_H 1
| #define HAVE_CRYPT_H 1
| #define HAVE_DLFCN_H 1
| #define HAVE_ERRNO_H 1
| #define HAVE_FCNTL_H 1
| #define HAVE_GRP_H 1
| #define HAVE_LANGINFO_H 1
| #define HAVE_LIBINTL_H 1
| /* end confdefs.h.  */
| #include <process.h>
configure:8108: result: no
configure:8108: checking for process.h
configure:8108: result: no
configure:8108: checking pthread.h usability
configure:8108: gcc -c   conftest.c >&5
configure:8108: $? = 0
configure:8108: result: yes
configure:8108: checking pthread.h presence
configure:8108: gcc -E  conftest.c
configure:8108: $? = 0
configure:8108: result: yes
configure:8108: checking for pthread.h
configure:8108: result: yes
configure:8108: checking sched.h usability
configure:8108: gcc -c   conftest.c >&5
configure:8108: $? = 0
configure:8108: result: yes
configure:8108: checking sched.h presence
configure:8108: gcc -E  conftest.c
configure:8108: $? = 0
configure:8108: result: yes
configure:8108: checking for sched.h
configure:8108: result: yes
configure:8108: checking shadow.h usability
configure:8108: gcc -c   conftest.c >&5
configure:8108: $? = 0
configure:8108: result: yes
configure:8108: checking shadow.h presence
configure:8108: gcc -E  conftest.c
configure:8108: $? = 0
configure:8108: result: yes
configure:8108: checking for shadow.h
configure:8108: result: yes
configure:8108: checking signal.h usability
configure:8108: gcc -c   conftest.c >&5
configure:8108: $? = 0
configure:8108: result: yes
configure:8108: checking signal.h presence
configure:8108: gcc -E  conftest.c
configure:8108: $? = 0
configure:8108: result: yes
configure:8108: checking for signal.h
configure:8108: result: yes
configure:8108: checking stropts.h usability
configure:8108: gcc -c   conftest.c >&5
conftest.c:72:21: fatal error: stropts.h: No such file or directory
 #include <stropts.h>
                     ^
compilation terminated.
configure:8108: $? = 1
configure: failed program was:
| /* confdefs.h */
| #define _GNU_SOURCE 1
| #define _NETBSD_SOURCE 1
| #define __BSD_VISIBLE 1
| #define _DARWIN_C_SOURCE 1
| #define _PYTHONFRAMEWORK ""
| #define _XOPEN_SOURCE 700
| #define _XOPEN_SOURCE_EXTENDED 1
| #define _POSIX_C_SOURCE 200809L
| #define STDC_HEADERS 1
| #define HAVE_SYS_TYPES_H 1
| #define HAVE_SYS_STAT_H 1
| #define HAVE_STDLIB_H 1
| #define HAVE_STRING_H 1
| #define HAVE_MEMORY_H 1
| #define HAVE_STRINGS_H 1
| #define HAVE_INTTYPES_H 1
| #define HAVE_STDINT_H 1
| #define HAVE_UNISTD_H 1
| #define __EXTENSIONS__ 1
| #define _ALL_SOURCE 1
| #define _GNU_SOURCE 1
| #define _POSIX_PTHREAD_SEMANTICS 1
| #define _TANDEM_SOURCE 1
| #define STDC_HEADERS 1
| #define HAVE_ASM_TYPES_H 1
| #define HAVE_CRYPT_H 1
| #define HAVE_DLFCN_H 1
| #define HAVE_ERRNO_H 1
| #define HAVE_FCNTL_H 1
| #define HAVE_GRP_H 1
| #define HAVE_LANGINFO_H 1
| #define HAVE_LIBINTL_H 1
| #define HAVE_PTHREAD_H 1
| #define HAVE_SCHED_H 1
| #define HAVE_SHADOW_H 1
| #define HAVE_SIGNAL_H 1
| /* end confdefs.h.  */
| #include <stdio.h>
| #ifdef HAVE_SYS_TYPES_H
| # include <sys/types.h>
| #endif
| #ifdef HAVE_SYS_STAT_H
| # include <sys/stat.h>
| #endif
| #ifdef STDC_HEADERS
| # include <stdlib.h>
| # include <stddef.h>
| #else
| # ifdef HAVE_STDLIB_H
| #  include <stdlib.h>
| # endif
| #endif
| #ifdef HAVE_STRING_H
| # if !defined STDC_HEADERS && defined HAVE_MEMORY_H
| #  include <memory.h>
| # endif
| # include <string.h>
| #endif
| #ifdef HAVE_STRINGS_H
| # include <strings.h>
| #endif
| #ifdef HAVE_INTTYPES_H
| # include <inttypes.h>
| #endif
| #ifdef HAVE_STDINT_H
| # include <stdint.h>
| #endif
| #ifdef HAVE_UNISTD_H
| # include <unistd.h>
| #endif
| #include <stropts.h>
configure:8108: result: no
configure:8108: checking stropts.h presence
configure:8108: gcc -E  conftest.c
conftest.c:39:21: fatal error: stropts.h: No such file or directory
 #include <stropts.h>
                     ^
compilation terminated.
configure:8108: $? = 1
configure: failed program was:
| /* confdefs.h */
| #define _GNU_SOURCE 1
| #define _NETBSD_SOURCE 1
| #define __BSD_VISIBLE 1
| #define _DARWIN_C_SOURCE 1
| #define _PYTHONFRAMEWORK ""
| #define _XOPEN_SOURCE 700
| #define _XOPEN_SOURCE_EXTENDED 1
| #define _POSIX_C_SOURCE 200809L
| #define STDC_HEADERS 1
| #define HAVE_SYS_TYPES_H 1
| #define HAVE_SYS_STAT_H 1
| #define HAVE_STDLIB_H 1
| #define HAVE_STRING_H 1
| #define HAVE_MEMORY_H 1
| #define HAVE_STRINGS_H 1
| #define HAVE_INTTYPES_H 1
| #define HAVE_STDINT_H 1
| #define HAVE_UNISTD_H 1
| #define __EXTENSIONS__ 1
| #define _ALL_SOURCE 1
| #define _GNU_SOURCE 1
| #define _POSIX_PTHREAD_SEMANTICS 1
| #define _TANDEM_SOURCE 1
| #define STDC_HEADERS 1
| #define HAVE_ASM_TYPES_H 1
| #define HAVE_CRYPT_H 1
| #define HAVE_DLFCN_H 1
| #define HAVE_ERRNO_H 1
| #define HAVE_FCNTL_H 1
| #define HAVE_GRP_H 1
| #define HAVE_LANGINFO_H 1
| #define HAVE_LIBINTL_H 1
| #define HAVE_PTHREAD_H 1
| #define HAVE_SCHED_H 1
| #define HAVE_SHADOW_H 1
| #define HAVE_SIGNAL_H 1
| /* end confdefs.h.  */
| #include <stropts.h>
configure:8108: result: no
configure:8108: checking for stropts.h
configure:8108: result: no
configure:8108: checking termios.h usability
configure:8108: gcc -c   conftest.c >&5
configure:8108: $? = 0
configure:8108: result: yes
configure:8108: checking termios.h presence
configure:8108: gcc -E  conftest.c
configure:8108: $? = 0
configure:8108: result: yes
configure:8108: checking for termios.h
configure:8108: result: yes
configure:8108: checking utime.h usability
configure:8108: gcc -c   conftest.c >&5
configure:8108: $? = 0
configure:8108: result: yes
configure:8108: checking utime.h presence
configure:8108: gcc -E  conftest.c
configure:8108: $? = 0
configure:8108: result: yes
configure:8108: checking for utime.h
configure:8108: result: yes
configure:8108: checking poll.h usability
configure:8108: gcc -c   conftest.c >&5
configure:8108: $? = 0
configure:8108: result: yes
configure:8108: checking poll.h presence
configure:8108: gcc -E  conftest.c
configure:8108: $? = 0
configure:8108: result: yes
configure:8108: checking for poll.h
configure:8108: result: yes
configure:8108: checking sys/devpoll.h usability
configure:8108: gcc -c   conftest.c >&5
conftest.c:75:25: fatal error: sys/devpoll.h: No such file or directory
 #include <sys/devpoll.h>
                         ^
compilation terminated.
configure:8108: $? = 1
configure: failed program was:
| /* confdefs.h */
| #define _GNU_SOURCE 1
| #define _NETBSD_SOURCE 1
| #define __BSD_VISIBLE 1
| #define _DARWIN_C_SOURCE 1
| #define _PYTHONFRAMEWORK ""
| #define _XOPEN_SOURCE 700
| #define _XOPEN_SOURCE_EXTENDED 1
| #define _POSIX_C_SOURCE 200809L
| #define STDC_HEADERS 1
| #define HAVE_SYS_TYPES_H 1
| #define HAVE_SYS_STAT_H 1
| #define HAVE_STDLIB_H 1
| #define HAVE_STRING_H 1
| #define HAVE_MEMORY_H 1
| #define HAVE_STRINGS_H 1
| #define HAVE_INTTYPES_H 1
| #define HAVE_STDINT_H 1
| #define HAVE_UNISTD_H 1
| #define __EXTENSIONS__ 1
| #define _ALL_SOURCE 1
| #define _GNU_SOURCE 1
| #define _POSIX_PTHREAD_SEMANTICS 1
| #define _TANDEM_SOURCE 1
| #define STDC_HEADERS 1
| #define HAVE_ASM_TYPES_H 1
| #define HAVE_CRYPT_H 1
| #define HAVE_DLFCN_H 1
| #define HAVE_ERRNO_H 1
| #define HAVE_FCNTL_H 1
| #define HAVE_GRP_H 1
| #define HAVE_LANGINFO_H 1
| #define HAVE_LIBINTL_H 1
| #define HAVE_PTHREAD_H 1
| #define HAVE_SCHED_H 1
| #define HAVE_SHADOW_H 1
| #define HAVE_SIGNAL_H 1
| #define HAVE_TERMIOS_H 1
| #define HAVE_UTIME_H 1
| #define HAVE_POLL_H 1
| /* end confdefs.h.  */
| #include <stdio.h>
| #ifdef HAVE_SYS_TYPES_H
| # include <sys/types.h>
| #endif
| #ifdef HAVE_SYS_STAT_H
| # include <sys/stat.h>
| #endif
| #ifdef STDC_HEADERS
| # include <stdlib.h>
| # include <stddef.h>
| #else
| # ifdef HAVE_STDLIB_H
| #  include <stdlib.h>
| # endif
| #endif
| #ifdef HAVE_STRING_H
| # if !defined STDC_HEADERS && defined HAVE_MEMORY_H
| #  include <memory.h>
| # endif
| # include <string.h>
| #endif
| #ifdef HAVE_STRINGS_H
| # include <strings.h>
| #endif
| #ifdef HAVE_INTTYPES_H
| # include <inttypes.h>
| #endif
| #ifdef HAVE_STDINT_H
| # include <stdint.h>
| #endif
| #ifdef HAVE_UNISTD_H
| # include <unistd.h>
| #endif
| #include <sys/devpoll.h>
configure:8108: result: no
configure:8108: checking sys/devpoll.h presence
configure:8108: gcc -E  conftest.c
conftest.c:42:25: fatal error: sys/devpoll.h: No such file or directory
 #include <sys/devpoll.h>
                         ^
compilation terminated.
configure:8108: $? = 1
configure: failed program was:
| /* confdefs.h */
| #define _GNU_SOURCE 1
| #define _NETBSD_SOURCE 1
| #define __BSD_VISIBLE 1
| #define _DARWIN_C_SOURCE 1
| #define _PYTHONFRAMEWORK ""
| #define _XOPEN_SOURCE 700
| #define _XOPEN_SOURCE_EXTENDED 1
| #define _POSIX_C_SOURCE 200809L
| #define STDC_HEADERS 1
| #define HAVE_SYS_TYPES_H 1
| #define HAVE_SYS_STAT_H 1
| #define HAVE_STDLIB_H 1
| #define HAVE_STRING_H 1
| #define HAVE_MEMORY_H 1
| #define HAVE_STRINGS_H 1
| #define HAVE_INTTYPES_H 1
| #define HAVE_STDINT_H 1
| #define HAVE_UNISTD_H 1
| #define __EXTENSIONS__ 1
| #define _ALL_SOURCE 1
| #define _GNU_SOURCE 1
| #define _POSIX_PTHREAD_SEMANTICS 1
| #define _TANDEM_SOURCE 1
| #define STDC_HEADERS 1
| #define HAVE_ASM_TYPES_H 1
| #define HAVE_CRYPT_H 1
| #define HAVE_DLFCN_H 1
| #define HAVE_ERRNO_H 1
| #define HAVE_FCNTL_H 1
| #define HAVE_GRP_H 1
| #define HAVE_LANGINFO_H 1
| #define HAVE_LIBINTL_H 1
| #define HAVE_PTHREAD_H 1
| #define HAVE_SCHED_H 1
| #define HAVE_SHADOW_H 1
| #define HAVE_SIGNAL_H 1
| #define HAVE_TERMIOS_H 1
| #define HAVE_UTIME_H 1
| #define HAVE_POLL_H 1
| /* end confdefs.h.  */
| #include <sys/devpoll.h>
configure:8108: result: no
configure:8108: checking for sys/devpoll.h
configure:8108: result: no
configure:8108: checking sys/epoll.h usability
configure:8108: gcc -c   conftest.c >&5
configure:8108: $? = 0
configure:8108: result: yes
configure:8108: checking sys/epoll.h presence
configure:8108: gcc -E  conftest.c
configure:8108: $? = 0
configure:8108: result: yes
configure:8108: checking for sys/epoll.h
configure:8108: result: yes
configure:8108: checking sys/poll.h usability
configure:8108: gcc -c   conftest.c >&5
configure:8108: $? = 0
configure:8108: result: yes
configure:8108: checking sys/poll.h presence
configure:8108: gcc -E  conftest.c
configure:8108: $? = 0
configure:8108: result: yes
configure:8108: checking for sys/poll.h
configure:8108: result: yes
configure:8108: checking sys/audioio.h usability
configure:8108: gcc -c   conftest.c >&5
conftest.c:77:25: fatal error: sys/audioio.h: No such file or directory
 #include <sys/audioio.h>
                         ^
compilation terminated.
configure:8108: $? = 1
configure: failed program was:
| /* confdefs.h */
| #define _GNU_SOURCE 1
| #define _NETBSD_SOURCE 1
| #define __BSD_VISIBLE 1
| #define _DARWIN_C_SOURCE 1
| #define _PYTHONFRAMEWORK ""
| #define _XOPEN_SOURCE 700
| #define _XOPEN_SOURCE_EXTENDED 1
| #define _POSIX_C_SOURCE 200809L
| #define STDC_HEADERS 1
| #define HAVE_SYS_TYPES_H 1
| #define HAVE_SYS_STAT_H 1
| #define HAVE_STDLIB_H 1
| #define HAVE_STRING_H 1
| #define HAVE_MEMORY_H 1
| #define HAVE_STRINGS_H 1
| #define HAVE_INTTYPES_H 1
| #define HAVE_STDINT_H 1
| #define HAVE_UNISTD_H 1
| #define __EXTENSIONS__ 1
| #define _ALL_SOURCE 1
| #define _GNU_SOURCE 1
| #define _POSIX_PTHREAD_SEMANTICS 1
| #define _TANDEM_SOURCE 1
| #define STDC_HEADERS 1
| #define HAVE_ASM_TYPES_H 1
| #define HAVE_CRYPT_H 1
| #define HAVE_DLFCN_H 1
| #define HAVE_ERRNO_H 1
| #define HAVE_FCNTL_H 1
| #define HAVE_GRP_H 1
| #define HAVE_LANGINFO_H 1
| #define HAVE_LIBINTL_H 1
| #define HAVE_PTHREAD_H 1
| #define HAVE_SCHED_H 1
| #define HAVE_SHADOW_H 1
| #define HAVE_SIGNAL_H 1
| #define HAVE_TERMIOS_H 1
| #define HAVE_UTIME_H 1
| #define HAVE_POLL_H 1
| #define HAVE_SYS_EPOLL_H 1
| #define HAVE_SYS_POLL_H 1
| /* end confdefs.h.  */
| #include <stdio.h>
| #ifdef HAVE_SYS_TYPES_H
| # include <sys/types.h>
| #endif
| #ifdef HAVE_SYS_STAT_H
| # include <sys/stat.h>
| #endif
| #ifdef STDC_HEADERS
| # include <stdlib.h>
| # include <stddef.h>
| #else
| # ifdef HAVE_STDLIB_H
| #  include <stdlib.h>
| # endif
| #endif
| #ifdef HAVE_STRING_H
| # if !defined STDC_HEADERS && defined HAVE_MEMORY_H
| #  include <memory.h>
| # endif
| # include <string.h>
| #endif
| #ifdef HAVE_STRINGS_H
| # include <strings.h>
| #endif
| #ifdef HAVE_INTTYPES_H
| # include <inttypes.h>
| #endif
| #ifdef HAVE_STDINT_H
| # include <stdint.h>
| #endif
| #ifdef HAVE_UNISTD_H
| # include <unistd.h>
| #endif
| #include <sys/audioio.h>
configure:8108: result: no
configure:8108: checking sys/audioio.h presence
configure:8108: gcc -E  conftest.c
conftest.c:44:25: fatal error: sys/audioio.h: No such file or directory
 #include <sys/audioio.h>
                         ^
compilation terminated.
configure:8108: $? = 1
configure: failed program was:
| /* confdefs.h */
| #define _GNU_SOURCE 1
| #define _NETBSD_SOURCE 1
| #define __BSD_VISIBLE 1
| #define _DARWIN_C_SOURCE 1
| #define _PYTHONFRAMEWORK ""
| #define _XOPEN_SOURCE 700
| #define _XOPEN_SOURCE_EXTENDED 1
| #define _POSIX_C_SOURCE 200809L
| #define STDC_HEADERS 1
| #define HAVE_SYS_TYPES_H 1
| #define HAVE_SYS_STAT_H 1
| #define HAVE_STDLIB_H 1
| #define HAVE_STRING_H 1
| #define HAVE_MEMORY_H 1
| #define HAVE_STRINGS_H 1
| #define HAVE_INTTYPES_H 1
| #define HAVE_STDINT_H 1
| #define HAVE_UNISTD_H 1
| #define __EXTENSIONS__ 1
| #define _ALL_SOURCE 1
| #define _GNU_SOURCE 1
| #define _POSIX_PTHREAD_SEMANTICS 1
| #define _TANDEM_SOURCE 1
| #define STDC_HEADERS 1
| #define HAVE_ASM_TYPES_H 1
| #define HAVE_CRYPT_H 1
| #define HAVE_DLFCN_H 1
| #define HAVE_ERRNO_H 1
| #define HAVE_FCNTL_H 1
| #define HAVE_GRP_H 1
| #define HAVE_LANGINFO_H 1
| #define HAVE_LIBINTL_H 1
| #define HAVE_PTHREAD_H 1
| #define HAVE_SCHED_H 1
| #define HAVE_SHADOW_H 1
| #define HAVE_SIGNAL_H 1
| #define HAVE_TERMIOS_H 1
| #define HAVE_UTIME_H 1
| #define HAVE_POLL_H 1
| #define HAVE_SYS_EPOLL_H 1
| #define HAVE_SYS_POLL_H 1
| /* end confdefs.h.  */
| #include <sys/audioio.h>
configure:8108: result: no
configure:8108: checking for sys/audioio.h
configure:8108: result: no
configure:8108: checking sys/xattr.h usability
configure:8108: gcc -c   conftest.c >&5
configure:8108: $? = 0
configure:8108: result: yes
configure:8108: checking sys/xattr.h presence
configure:8108: gcc -E  conftest.c
configure:8108: $? = 0
configure:8108: result: yes
configure:8108: checking for sys/xattr.h
configure:8108: result: yes
configure:8108: checking sys/bsdtty.h usability
configure:8108: gcc -c   conftest.c >&5
conftest.c:78:24: fatal error: sys/bsdtty.h: No such file or directory
 #include <sys/bsdtty.h>
                        ^
compilation terminated.
configure:8108: $? = 1
configure: failed program was:
| /* confdefs.h */
| #define _GNU_SOURCE 1
| #define _NETBSD_SOURCE 1
| #define __BSD_VISIBLE 1
| #define _DARWIN_C_SOURCE 1
| #define _PYTHONFRAMEWORK ""
| #define _XOPEN_SOURCE 700
| #define _XOPEN_SOURCE_EXTENDED 1
| #define _POSIX_C_SOURCE 200809L
| #define STDC_HEADERS 1
| #define HAVE_SYS_TYPES_H 1
| #define HAVE_SYS_STAT_H 1
| #define HAVE_STDLIB_H 1
| #define HAVE_STRING_H 1
| #define HAVE_MEMORY_H 1
| #define HAVE_STRINGS_H 1
| #define HAVE_INTTYPES_H 1
| #define HAVE_STDINT_H 1
| #define HAVE_UNISTD_H 1
| #define __EXTENSIONS__ 1
| #define _ALL_SOURCE 1
| #define _GNU_SOURCE 1
| #define _POSIX_PTHREAD_SEMANTICS 1
| #define _TANDEM_SOURCE 1
| #define STDC_HEADERS 1
| #define HAVE_ASM_TYPES_H 1
| #define HAVE_CRYPT_H 1
| #define HAVE_DLFCN_H 1
| #define HAVE_ERRNO_H 1
| #define HAVE_FCNTL_H 1
| #define HAVE_GRP_H 1
| #define HAVE_LANGINFO_H 1
| #define HAVE_LIBINTL_H 1
| #define HAVE_PTHREAD_H 1
| #define HAVE_SCHED_H 1
| #define HAVE_SHADOW_H 1
| #define HAVE_SIGNAL_H 1
| #define HAVE_TERMIOS_H 1
| #define HAVE_UTIME_H 1
| #define HAVE_POLL_H 1
| #define HAVE_SYS_EPOLL_H 1
| #define HAVE_SYS_POLL_H 1
| #define HAVE_SYS_XATTR_H 1
| /* end confdefs.h.  */
| #include <stdio.h>
| #ifdef HAVE_SYS_TYPES_H
| # include <sys/types.h>
| #endif
| #ifdef HAVE_SYS_STAT_H
| # include <sys/stat.h>
| #endif
| #ifdef STDC_HEADERS
| # include <stdlib.h>
| # include <stddef.h>
| #else
| # ifdef HAVE_STDLIB_H
| #  include <stdlib.h>
| # endif
| #endif
| #ifdef HAVE_STRING_H
| # if !defined STDC_HEADERS && defined HAVE_MEMORY_H
| #  include <memory.h>
| # endif
| # include <string.h>
| #endif
| #ifdef HAVE_STRINGS_H
| # include <strings.h>
| #endif
| #ifdef HAVE_INTTYPES_H
| # include <inttypes.h>
| #endif
| #ifdef HAVE_STDINT_H
| # include <stdint.h>
| #endif
| #ifdef HAVE_UNISTD_H
| # include <unistd.h>
| #endif
| #include <sys/bsdtty.h>
configure:8108: result: no
configure:8108: checking sys/bsdtty.h presence
configure:8108: gcc -E  conftest.c
conftest.c:45:24: fatal error: sys/bsdtty.h: No such file or directory
 #include <sys/bsdtty.h>
                        ^
compilation terminated.
configure:8108: $? = 1
configure: failed program was:
| /* confdefs.h */
| #define _GNU_SOURCE 1
| #define _NETBSD_SOURCE 1
| #define __BSD_VISIBLE 1
| #define _DARWIN_C_SOURCE 1
| #define _PYTHONFRAMEWORK ""
| #define _XOPEN_SOURCE 700
| #define _XOPEN_SOURCE_EXTENDED 1
| #define _POSIX_C_SOURCE 200809L
| #define STDC_HEADERS 1
| #define HAVE_SYS_TYPES_H 1
| #define HAVE_SYS_STAT_H 1
| #define HAVE_STDLIB_H 1
| #define HAVE_STRING_H 1
| #define HAVE_MEMORY_H 1
| #define HAVE_STRINGS_H 1
| #define HAVE_INTTYPES_H 1
| #define HAVE_STDINT_H 1
| #define HAVE_UNISTD_H 1
| #define __EXTENSIONS__ 1
| #define _ALL_SOURCE 1
| #define _GNU_SOURCE 1
| #define _POSIX_PTHREAD_SEMANTICS 1
| #define _TANDEM_SOURCE 1
| #define STDC_HEADERS 1
| #define HAVE_ASM_TYPES_H 1
| #define HAVE_CRYPT_H 1
| #define HAVE_DLFCN_H 1
| #define HAVE_ERRNO_H 1
| #define HAVE_FCNTL_H 1
| #define HAVE_GRP_H 1
| #define HAVE_LANGINFO_H 1
| #define HAVE_LIBINTL_H 1
| #define HAVE_PTHREAD_H 1
| #define HAVE_SCHED_H 1
| #define HAVE_SHADOW_H 1
| #define HAVE_SIGNAL_H 1
| #define HAVE_TERMIOS_H 1
| #define HAVE_UTIME_H 1
| #define HAVE_POLL_H 1
| #define HAVE_SYS_EPOLL_H 1
| #define HAVE_SYS_POLL_H 1
| #define HAVE_SYS_XATTR_H 1
| /* end confdefs.h.  */
| #include <sys/bsdtty.h>
configure:8108: result: no
configure:8108: checking for sys/bsdtty.h
configure:8108: result: no
configure:8108: checking sys/event.h usability
configure:8108: gcc -c   conftest.c >&5
conftest.c:78:23: fatal error: sys/event.h: No such file or directory
 #include <sys/event.h>
                       ^
compilation terminated.
configure:8108: $? = 1
configure: failed program was:
| /* confdefs.h */
| #define _GNU_SOURCE 1
| #define _NETBSD_SOURCE 1
| #define __BSD_VISIBLE 1
| #define _DARWIN_C_SOURCE 1
| #define _PYTHONFRAMEWORK ""
| #define _XOPEN_SOURCE 700
| #define _XOPEN_SOURCE_EXTENDED 1
| #define _POSIX_C_SOURCE 200809L
| #define STDC_HEADERS 1
| #define HAVE_SYS_TYPES_H 1
| #define HAVE_SYS_STAT_H 1
| #define HAVE_STDLIB_H 1
| #define HAVE_STRING_H 1
| #define HAVE_MEMORY_H 1
| #define HAVE_STRINGS_H 1
| #define HAVE_INTTYPES_H 1
| #define HAVE_STDINT_H 1
| #define HAVE_UNISTD_H 1
| #define __EXTENSIONS__ 1
| #define _ALL_SOURCE 1
| #define _GNU_SOURCE 1
| #define _POSIX_PTHREAD_SEMANTICS 1
| #define _TANDEM_SOURCE 1
| #define STDC_HEADERS 1
| #define HAVE_ASM_TYPES_H 1
| #define HAVE_CRYPT_H 1
| #define HAVE_DLFCN_H 1
| #define HAVE_ERRNO_H 1
| #define HAVE_FCNTL_H 1
| #define HAVE_GRP_H 1
| #define HAVE_LANGINFO_H 1
| #define HAVE_LIBINTL_H 1
| #define HAVE_PTHREAD_H 1
| #define HAVE_SCHED_H 1
| #define HAVE_SHADOW_H 1
| #define HAVE_SIGNAL_H 1
| #define HAVE_TERMIOS_H 1
| #define HAVE_UTIME_H 1
| #define HAVE_POLL_H 1
| #define HAVE_SYS_EPOLL_H 1
| #define HAVE_SYS_POLL_H 1
| #define HAVE_SYS_XATTR_H 1
| /* end confdefs.h.  */
| #include <stdio.h>
| #ifdef HAVE_SYS_TYPES_H
| # include <sys/types.h>
| #endif
| #ifdef HAVE_SYS_STAT_H
| # include <sys/stat.h>
| #endif
| #ifdef STDC_HEADERS
| # include <stdlib.h>
| # include <stddef.h>
| #else
| # ifdef HAVE_STDLIB_H
| #  include <stdlib.h>
| # endif
| #endif
| #ifdef HAVE_STRING_H
| # if !defined STDC_HEADERS && defined HAVE_MEMORY_H
| #  include <memory.h>
| # endif
| # include <string.h>
| #endif
| #ifdef HAVE_STRINGS_H
| # include <strings.h>
| #endif
| #ifdef HAVE_INTTYPES_H
| # include <inttypes.h>
| #endif
| #ifdef HAVE_STDINT_H
| # include <stdint.h>
| #endif
| #ifdef HAVE_UNISTD_H
| # include <unistd.h>
| #endif
| #include <sys/event.h>
configure:8108: result: no
configure:8108: checking sys/event.h presence
configure:8108: gcc -E  conftest.c
conftest.c:45:23: fatal error: sys/event.h: No such file or directory
 #include <sys/event.h>
                       ^
compilation terminated.
configure:8108: $? = 1
configure: failed program was:
| /* confdefs.h */
| #define _GNU_SOURCE 1
| #define _NETBSD_SOURCE 1
| #define __BSD_VISIBLE 1
| #define _DARWIN_C_SOURCE 1
| #define _PYTHONFRAMEWORK ""
| #define _XOPEN_SOURCE 700
| #define _XOPEN_SOURCE_EXTENDED 1
| #define _POSIX_C_SOURCE 200809L
| #define STDC_HEADERS 1
| #define HAVE_SYS_TYPES_H 1
| #define HAVE_SYS_STAT_H 1
| #define HAVE_STDLIB_H 1
| #define HAVE_STRING_H 1
| #define HAVE_MEMORY_H 1
| #define HAVE_STRINGS_H 1
| #define HAVE_INTTYPES_H 1
| #define HAVE_STDINT_H 1
| #define HAVE_UNISTD_H 1
| #define __EXTENSIONS__ 1
| #define _ALL_SOURCE 1
| #define _GNU_SOURCE 1
| #define _POSIX_PTHREAD_SEMANTICS 1
| #define _TANDEM_SOURCE 1
| #define STDC_HEADERS 1
| #define HAVE_ASM_TYPES_H 1
| #define HAVE_CRYPT_H 1
| #define HAVE_DLFCN_H 1
| #define HAVE_ERRNO_H 1
| #define HAVE_FCNTL_H 1
| #define HAVE_GRP_H 1
| #define HAVE_LANGINFO_H 1
| #define HAVE_LIBINTL_H 1
| #define HAVE_PTHREAD_H 1
| #define HAVE_SCHED_H 1
| #define HAVE_SHADOW_H 1
| #define HAVE_SIGNAL_H 1
| #define HAVE_TERMIOS_H 1
| #define HAVE_UTIME_H 1
| #define HAVE_POLL_H 1
| #define HAVE_SYS_EPOLL_H 1
| #define HAVE_SYS_POLL_H 1
| #define HAVE_SYS_XATTR_H 1
| /* end confdefs.h.  */
| #include <sys/event.h>
configure:8108: result: no
configure:8108: checking for sys/event.h
configure:8108: result: no
configure:8108: checking sys/file.h usability
configure:8108: gcc -c   conftest.c >&5
configure:8108: $? = 0
configure:8108: result: yes
configure:8108: checking sys/file.h presence
configure:8108: gcc -E  conftest.c
configure:8108: $? = 0
configure:8108: result: yes
configure:8108: checking for sys/file.h
configure:8108: result: yes
configure:8108: checking sys/ioctl.h usability
configure:8108: gcc -c   conftest.c >&5
configure:8108: $? = 0
configure:8108: result: yes
configure:8108: checking sys/ioctl.h presence
configure:8108: gcc -E  conftest.c
configure:8108: $? = 0
configure:8108: result: yes
configure:8108: checking for sys/ioctl.h
configure:8108: result: yes
configure:8108: checking sys/kern_control.h usability
configure:8108: gcc -c   conftest.c >&5
conftest.c:80:30: fatal error: sys/kern_control.h: No such file or directory
 #include <sys/kern_control.h>
                              ^
compilation terminated.
configure:8108: $? = 1
configure: failed program was:
| /* confdefs.h */
| #define _GNU_SOURCE 1
| #define _NETBSD_SOURCE 1
| #define __BSD_VISIBLE 1
| #define _DARWIN_C_SOURCE 1
| #define _PYTHONFRAMEWORK ""
| #define _XOPEN_SOURCE 700
| #define _XOPEN_SOURCE_EXTENDED 1
| #define _POSIX_C_SOURCE 200809L
| #define STDC_HEADERS 1
| #define HAVE_SYS_TYPES_H 1
| #define HAVE_SYS_STAT_H 1
| #define HAVE_STDLIB_H 1
| #define HAVE_STRING_H 1
| #define HAVE_MEMORY_H 1
| #define HAVE_STRINGS_H 1
| #define HAVE_INTTYPES_H 1
| #define HAVE_STDINT_H 1
| #define HAVE_UNISTD_H 1
| #define __EXTENSIONS__ 1
| #define _ALL_SOURCE 1
| #define _GNU_SOURCE 1
| #define _POSIX_PTHREAD_SEMANTICS 1
| #define _TANDEM_SOURCE 1
| #define STDC_HEADERS 1
| #define HAVE_ASM_TYPES_H 1
| #define HAVE_CRYPT_H 1
| #define HAVE_DLFCN_H 1
| #define HAVE_ERRNO_H 1
| #define HAVE_FCNTL_H 1
| #define HAVE_GRP_H 1
| #define HAVE_LANGINFO_H 1
| #define HAVE_LIBINTL_H 1
| #define HAVE_PTHREAD_H 1
| #define HAVE_SCHED_H 1
| #define HAVE_SHADOW_H 1
| #define HAVE_SIGNAL_H 1
| #define HAVE_TERMIOS_H 1
| #define HAVE_UTIME_H 1
| #define HAVE_POLL_H 1
| #define HAVE_SYS_EPOLL_H 1
| #define HAVE_SYS_POLL_H 1
| #define HAVE_SYS_XATTR_H 1
| #define HAVE_SYS_FILE_H 1
| #define HAVE_SYS_IOCTL_H 1
| /* end confdefs.h.  */
| #include <stdio.h>
| #ifdef HAVE_SYS_TYPES_H
| # include <sys/types.h>
| #endif
| #ifdef HAVE_SYS_STAT_H
| # include <sys/stat.h>
| #endif
| #ifdef STDC_HEADERS
| # include <stdlib.h>
| # include <stddef.h>
| #else
| # ifdef HAVE_STDLIB_H
| #  include <stdlib.h>
| # endif
| #endif
| #ifdef HAVE_STRING_H
| # if !defined STDC_HEADERS && defined HAVE_MEMORY_H
| #  include <memory.h>
| # endif
| # include <string.h>
| #endif
| #ifdef HAVE_STRINGS_H
| # include <strings.h>
| #endif
| #ifdef HAVE_INTTYPES_H
| # include <inttypes.h>
| #endif
| #ifdef HAVE_STDINT_H
| # include <stdint.h>
| #endif
| #ifdef HAVE_UNISTD_H
| # include <unistd.h>
| #endif
| #include <sys/kern_control.h>
configure:8108: result: no
configure:8108: checking sys/kern_control.h presence
configure:8108: gcc -E  conftest.c
conftest.c:47:30: fatal error: sys/kern_control.h: No such file or directory
 #include <sys/kern_control.h>
                              ^
compilation terminated.
configure:8108: $? = 1
configure: failed program was:
| /* confdefs.h */
| #define _GNU_SOURCE 1
| #define _NETBSD_SOURCE 1
| #define __BSD_VISIBLE 1
| #define _DARWIN_C_SOURCE 1
| #define _PYTHONFRAMEWORK ""
| #define _XOPEN_SOURCE 700
| #define _XOPEN_SOURCE_EXTENDED 1
| #define _POSIX_C_SOURCE 200809L
| #define STDC_HEADERS 1
| #define HAVE_SYS_TYPES_H 1
| #define HAVE_SYS_STAT_H 1
| #define HAVE_STDLIB_H 1
| #define HAVE_STRING_H 1
| #define HAVE_MEMORY_H 1
| #define HAVE_STRINGS_H 1
| #define HAVE_INTTYPES_H 1
| #define HAVE_STDINT_H 1
| #define HAVE_UNISTD_H 1
| #define __EXTENSIONS__ 1
| #define _ALL_SOURCE 1
| #define _GNU_SOURCE 1
| #define _POSIX_PTHREAD_SEMANTICS 1
| #define _TANDEM_SOURCE 1
| #define STDC_HEADERS 1
| #define HAVE_ASM_TYPES_H 1
| #define HAVE_CRYPT_H 1
| #define HAVE_DLFCN_H 1
| #define HAVE_ERRNO_H 1
| #define HAVE_FCNTL_H 1
| #define HAVE_GRP_H 1
| #define HAVE_LANGINFO_H 1
| #define HAVE_LIBINTL_H 1
| #define HAVE_PTHREAD_H 1
| #define HAVE_SCHED_H 1
| #define HAVE_SHADOW_H 1
| #define HAVE_SIGNAL_H 1
| #define HAVE_TERMIOS_H 1
| #define HAVE_UTIME_H 1
| #define HAVE_POLL_H 1
| #define HAVE_SYS_EPOLL_H 1
| #define HAVE_SYS_POLL_H 1
| #define HAVE_SYS_XATTR_H 1
| #define HAVE_SYS_FILE_H 1
| #define HAVE_SYS_IOCTL_H 1
| /* end confdefs.h.  */
| #include <sys/kern_control.h>
configure:8108: result: no
configure:8108: checking for sys/kern_control.h
configure:8108: result: no
configure:8108: checking sys/loadavg.h usability
configure:8108: gcc -c   conftest.c >&5
conftest.c:80:25: fatal error: sys/loadavg.h: No such file or directory
 #include <sys/loadavg.h>
                         ^
compilation terminated.
configure:8108: $? = 1
configure: failed program was:
| /* confdefs.h */
| #define _GNU_SOURCE 1
| #define _NETBSD_SOURCE 1
| #define __BSD_VISIBLE 1
| #define _DARWIN_C_SOURCE 1
| #define _PYTHONFRAMEWORK ""
| #define _XOPEN_SOURCE 700
| #define _XOPEN_SOURCE_EXTENDED 1
| #define _POSIX_C_SOURCE 200809L
| #define STDC_HEADERS 1
| #define HAVE_SYS_TYPES_H 1
| #define HAVE_SYS_STAT_H 1
| #define HAVE_STDLIB_H 1
| #define HAVE_STRING_H 1
| #define HAVE_MEMORY_H 1
| #define HAVE_STRINGS_H 1
| #define HAVE_INTTYPES_H 1
| #define HAVE_STDINT_H 1
| #define HAVE_UNISTD_H 1
| #define __EXTENSIONS__ 1
| #define _ALL_SOURCE 1
| #define _GNU_SOURCE 1
| #define _POSIX_PTHREAD_SEMANTICS 1
| #define _TANDEM_SOURCE 1
| #define STDC_HEADERS 1
| #define HAVE_ASM_TYPES_H 1
| #define HAVE_CRYPT_H 1
| #define HAVE_DLFCN_H 1
| #define HAVE_ERRNO_H 1
| #define HAVE_FCNTL_H 1
| #define HAVE_GRP_H 1
| #define HAVE_LANGINFO_H 1
| #define HAVE_LIBINTL_H 1
| #define HAVE_PTHREAD_H 1
| #define HAVE_SCHED_H 1
| #define HAVE_SHADOW_H 1
| #define HAVE_SIGNAL_H 1
| #define HAVE_TERMIOS_H 1
| #define HAVE_UTIME_H 1
| #define HAVE_POLL_H 1
| #define HAVE_SYS_EPOLL_H 1
| #define HAVE_SYS_POLL_H 1
| #define HAVE_SYS_XATTR_H 1
| #define HAVE_SYS_FILE_H 1
| #define HAVE_SYS_IOCTL_H 1
| /* end confdefs.h.  */
| #include <stdio.h>
| #ifdef HAVE_SYS_TYPES_H
| # include <sys/types.h>
| #endif
| #ifdef HAVE_SYS_STAT_H
| # include <sys/stat.h>
| #endif
| #ifdef STDC_HEADERS
| # include <stdlib.h>
| # include <stddef.h>
| #else
| # ifdef HAVE_STDLIB_H
| #  include <stdlib.h>
| # endif
| #endif
| #ifdef HAVE_STRING_H
| # if !defined STDC_HEADERS && defined HAVE_MEMORY_H
| #  include <memory.h>
| # endif
| # include <string.h>
| #endif
| #ifdef HAVE_STRINGS_H
| # include <strings.h>
| #endif
| #ifdef HAVE_INTTYPES_H
| # include <inttypes.h>
| #endif
| #ifdef HAVE_STDINT_H
| # include <stdint.h>
| #endif
| #ifdef HAVE_UNISTD_H
| # include <unistd.h>
| #endif
| #include <sys/loadavg.h>
configure:8108: result: no
configure:8108: checking sys/loadavg.h presence
configure:8108: gcc -E  conftest.c
conftest.c:47:25: fatal error: sys/loadavg.h: No such file or directory
 #include <sys/loadavg.h>
                         ^
compilation terminated.
configure:8108: $? = 1
configure: failed program was:
| /* confdefs.h */
| #define _GNU_SOURCE 1
| #define _NETBSD_SOURCE 1
| #define __BSD_VISIBLE 1
| #define _DARWIN_C_SOURCE 1
| #define _PYTHONFRAMEWORK ""
| #define _XOPEN_SOURCE 700
| #define _XOPEN_SOURCE_EXTENDED 1
| #define _POSIX_C_SOURCE 200809L
| #define STDC_HEADERS 1
| #define HAVE_SYS_TYPES_H 1
| #define HAVE_SYS_STAT_H 1
| #define HAVE_STDLIB_H 1
| #define HAVE_STRING_H 1
| #define HAVE_MEMORY_H 1
| #define HAVE_STRINGS_H 1
| #define HAVE_INTTYPES_H 1
| #define HAVE_STDINT_H 1
| #define HAVE_UNISTD_H 1
| #define __EXTENSIONS__ 1
| #define _ALL_SOURCE 1
| #define _GNU_SOURCE 1
| #define _POSIX_PTHREAD_SEMANTICS 1
| #define _TANDEM_SOURCE 1
| #define STDC_HEADERS 1
| #define HAVE_ASM_TYPES_H 1
| #define HAVE_CRYPT_H 1
| #define HAVE_DLFCN_H 1
| #define HAVE_ERRNO_H 1
| #define HAVE_FCNTL_H 1
| #define HAVE_GRP_H 1
| #define HAVE_LANGINFO_H 1
| #define HAVE_LIBINTL_H 1
| #define HAVE_PTHREAD_H 1
| #define HAVE_SCHED_H 1
| #define HAVE_SHADOW_H 1
| #define HAVE_SIGNAL_H 1
| #define HAVE_TERMIOS_H 1
| #define HAVE_UTIME_H 1
| #define HAVE_POLL_H 1
| #define HAVE_SYS_EPOLL_H 1
| #define HAVE_SYS_POLL_H 1
| #define HAVE_SYS_XATTR_H 1
| #define HAVE_SYS_FILE_H 1
| #define HAVE_SYS_IOCTL_H 1
| /* end confdefs.h.  */
| #include <sys/loadavg.h>
configure:8108: result: no
configure:8108: checking for sys/loadavg.h
configure:8108: result: no
configure:8108: checking sys/lock.h usability
configure:8108: gcc -c   conftest.c >&5
conftest.c:80:22: fatal error: sys/lock.h: No such file or directory
 #include <sys/lock.h>
                      ^
compilation terminated.
configure:8108: $? = 1
configure: failed program was:
| /* confdefs.h */
| #define _GNU_SOURCE 1
| #define _NETBSD_SOURCE 1
| #define __BSD_VISIBLE 1
| #define _DARWIN_C_SOURCE 1
| #define _PYTHONFRAMEWORK ""
| #define _XOPEN_SOURCE 700
| #define _XOPEN_SOURCE_EXTENDED 1
| #define _POSIX_C_SOURCE 200809L
| #define STDC_HEADERS 1
| #define HAVE_SYS_TYPES_H 1
| #define HAVE_SYS_STAT_H 1
| #define HAVE_STDLIB_H 1
| #define HAVE_STRING_H 1
| #define HAVE_MEMORY_H 1
| #define HAVE_STRINGS_H 1
| #define HAVE_INTTYPES_H 1
| #define HAVE_STDINT_H 1
| #define HAVE_UNISTD_H 1
| #define __EXTENSIONS__ 1
| #define _ALL_SOURCE 1
| #define _GNU_SOURCE 1
| #define _POSIX_PTHREAD_SEMANTICS 1
| #define _TANDEM_SOURCE 1
| #define STDC_HEADERS 1
| #define HAVE_ASM_TYPES_H 1
| #define HAVE_CRYPT_H 1
| #define HAVE_DLFCN_H 1
| #define HAVE_ERRNO_H 1
| #define HAVE_FCNTL_H 1
| #define HAVE_GRP_H 1
| #define HAVE_LANGINFO_H 1
| #define HAVE_LIBINTL_H 1
| #define HAVE_PTHREAD_H 1
| #define HAVE_SCHED_H 1
| #define HAVE_SHADOW_H 1
| #define HAVE_SIGNAL_H 1
| #define HAVE_TERMIOS_H 1
| #define HAVE_UTIME_H 1
| #define HAVE_POLL_H 1
| #define HAVE_SYS_EPOLL_H 1
| #define HAVE_SYS_POLL_H 1
| #define HAVE_SYS_XATTR_H 1
| #define HAVE_SYS_FILE_H 1
| #define HAVE_SYS_IOCTL_H 1
| /* end confdefs.h.  */
| #include <stdio.h>
| #ifdef HAVE_SYS_TYPES_H
| # include <sys/types.h>
| #endif
| #ifdef HAVE_SYS_STAT_H
| # include <sys/stat.h>
| #endif
| #ifdef STDC_HEADERS
| # include <stdlib.h>
| # include <stddef.h>
| #else
| # ifdef HAVE_STDLIB_H
| #  include <stdlib.h>
| # endif
| #endif
| #ifdef HAVE_STRING_H
| # if !defined STDC_HEADERS && defined HAVE_MEMORY_H
| #  include <memory.h>
| # endif
| # include <string.h>
| #endif
| #ifdef HAVE_STRINGS_H
| # include <strings.h>
| #endif
| #ifdef HAVE_INTTYPES_H
| # include <inttypes.h>
| #endif
| #ifdef HAVE_STDINT_H
| # include <stdint.h>
| #endif
| #ifdef HAVE_UNISTD_H
| # include <unistd.h>
| #endif
| #include <sys/lock.h>
configure:8108: result: no
configure:8108: checking sys/lock.h presence
configure:8108: gcc -E  conftest.c
conftest.c:47:22: fatal error: sys/lock.h: No such file or directory
 #include <sys/lock.h>
                      ^
compilation terminated.
configure:8108: $? = 1
configure: failed program was:
| /* confdefs.h */
| #define _GNU_SOURCE 1
| #define _NETBSD_SOURCE 1
| #define __BSD_VISIBLE 1
| #define _DARWIN_C_SOURCE 1
| #define _PYTHONFRAMEWORK ""
| #define _XOPEN_SOURCE 700
| #define _XOPEN_SOURCE_EXTENDED 1
| #define _POSIX_C_SOURCE 200809L
| #define STDC_HEADERS 1
| #define HAVE_SYS_TYPES_H 1
| #define HAVE_SYS_STAT_H 1
| #define HAVE_STDLIB_H 1
| #define HAVE_STRING_H 1
| #define HAVE_MEMORY_H 1
| #define HAVE_STRINGS_H 1
| #define HAVE_INTTYPES_H 1
| #define HAVE_STDINT_H 1
| #define HAVE_UNISTD_H 1
| #define __EXTENSIONS__ 1
| #define _ALL_SOURCE 1
| #define _GNU_SOURCE 1
| #define _POSIX_PTHREAD_SEMANTICS 1
| #define _TANDEM_SOURCE 1
| #define STDC_HEADERS 1
| #define HAVE_ASM_TYPES_H 1
| #define HAVE_CRYPT_H 1
| #define HAVE_DLFCN_H 1
| #define HAVE_ERRNO_H 1
| #define HAVE_FCNTL_H 1
| #define HAVE_GRP_H 1
| #define HAVE_LANGINFO_H 1
| #define HAVE_LIBINTL_H 1
| #define HAVE_PTHREAD_H 1
| #define HAVE_SCHED_H 1
| #define HAVE_SHADOW_H 1
| #define HAVE_SIGNAL_H 1
| #define HAVE_TERMIOS_H 1
| #define HAVE_UTIME_H 1
| #define HAVE_POLL_H 1
| #define HAVE_SYS_EPOLL_H 1
| #define HAVE_SYS_POLL_H 1
| #define HAVE_SYS_XATTR_H 1
| #define HAVE_SYS_FILE_H 1
| #define HAVE_SYS_IOCTL_H 1
| /* end confdefs.h.  */
| #include <sys/lock.h>
configure:8108: result: no
configure:8108: checking for sys/lock.h
configure:8108: result: no
configure:8108: checking sys/mkdev.h usability
configure:8108: gcc -c   conftest.c >&5
conftest.c:80:23: fatal error: sys/mkdev.h: No such file or directory
 #include <sys/mkdev.h>
                       ^
compilation terminated.
configure:8108: $? = 1
configure: failed program was:
| /* confdefs.h */
| #define _GNU_SOURCE 1
| #define _NETBSD_SOURCE 1
| #define __BSD_VISIBLE 1
| #define _DARWIN_C_SOURCE 1
| #define _PYTHONFRAMEWORK ""
| #define _XOPEN_SOURCE 700
| #define _XOPEN_SOURCE_EXTENDED 1
| #define _POSIX_C_SOURCE 200809L
| #define STDC_HEADERS 1
| #define HAVE_SYS_TYPES_H 1
| #define HAVE_SYS_STAT_H 1
| #define HAVE_STDLIB_H 1
| #define HAVE_STRING_H 1
| #define HAVE_MEMORY_H 1
| #define HAVE_STRINGS_H 1
| #define HAVE_INTTYPES_H 1
| #define HAVE_STDINT_H 1
| #define HAVE_UNISTD_H 1
| #define __EXTENSIONS__ 1
| #define _ALL_SOURCE 1
| #define _GNU_SOURCE 1
| #define _POSIX_PTHREAD_SEMANTICS 1
| #define _TANDEM_SOURCE 1
| #define STDC_HEADERS 1
| #define HAVE_ASM_TYPES_H 1
| #define HAVE_CRYPT_H 1
| #define HAVE_DLFCN_H 1
| #define HAVE_ERRNO_H 1
| #define HAVE_FCNTL_H 1
| #define HAVE_GRP_H 1
| #define HAVE_LANGINFO_H 1
| #define HAVE_LIBINTL_H 1
| #define HAVE_PTHREAD_H 1
| #define HAVE_SCHED_H 1
| #define HAVE_SHADOW_H 1
| #define HAVE_SIGNAL_H 1
| #define HAVE_TERMIOS_H 1
| #define HAVE_UTIME_H 1
| #define HAVE_POLL_H 1
| #define HAVE_SYS_EPOLL_H 1
| #define HAVE_SYS_POLL_H 1
| #define HAVE_SYS_XATTR_H 1
| #define HAVE_SYS_FILE_H 1
| #define HAVE_SYS_IOCTL_H 1
| /* end confdefs.h.  */
| #include <stdio.h>
| #ifdef HAVE_SYS_TYPES_H
| # include <sys/types.h>
| #endif
| #ifdef HAVE_SYS_STAT_H
| # include <sys/stat.h>
| #endif
| #ifdef STDC_HEADERS
| # include <stdlib.h>
| # include <stddef.h>
| #else
| # ifdef HAVE_STDLIB_H
| #  include <stdlib.h>
| # endif
| #endif
| #ifdef HAVE_STRING_H
| # if !defined STDC_HEADERS && defined HAVE_MEMORY_H
| #  include <memory.h>
| # endif
| # include <string.h>
| #endif
| #ifdef HAVE_STRINGS_H
| # include <strings.h>
| #endif
| #ifdef HAVE_INTTYPES_H
| # include <inttypes.h>
| #endif
| #ifdef HAVE_STDINT_H
| # include <stdint.h>
| #endif
| #ifdef HAVE_UNISTD_H
| # include <unistd.h>
| #endif
| #include <sys/mkdev.h>
configure:8108: result: no
configure:8108: checking sys/mkdev.h presence
configure:8108: gcc -E  conftest.c
conftest.c:47:23: fatal error: sys/mkdev.h: No such file or directory
 #include <sys/mkdev.h>
                       ^
compilation terminated.
configure:8108: $? = 1
configure: failed program was:
| /* confdefs.h */
| #define _GNU_SOURCE 1
| #define _NETBSD_SOURCE 1
| #define __BSD_VISIBLE 1
| #define _DARWIN_C_SOURCE 1
| #define _PYTHONFRAMEWORK ""
| #define _XOPEN_SOURCE 700
| #define _XOPEN_SOURCE_EXTENDED 1
| #define _POSIX_C_SOURCE 200809L
| #define STDC_HEADERS 1
| #define HAVE_SYS_TYPES_H 1
| #define HAVE_SYS_STAT_H 1
| #define HAVE_STDLIB_H 1
| #define HAVE_STRING_H 1
| #define HAVE_MEMORY_H 1
| #define HAVE_STRINGS_H 1
| #define HAVE_INTTYPES_H 1
| #define HAVE_STDINT_H 1
| #define HAVE_UNISTD_H 1
| #define __EXTENSIONS__ 1
| #define _ALL_SOURCE 1
| #define _GNU_SOURCE 1
| #define _POSIX_PTHREAD_SEMANTICS 1
| #define _TANDEM_SOURCE 1
| #define STDC_HEADERS 1
| #define HAVE_ASM_TYPES_H 1
| #define HAVE_CRYPT_H 1
| #define HAVE_DLFCN_H 1
| #define HAVE_ERRNO_H 1
| #define HAVE_FCNTL_H 1
| #define HAVE_GRP_H 1
| #define HAVE_LANGINFO_H 1
| #define HAVE_LIBINTL_H 1
| #define HAVE_PTHREAD_H 1
| #define HAVE_SCHED_H 1
| #define HAVE_SHADOW_H 1
| #define HAVE_SIGNAL_H 1
| #define HAVE_TERMIOS_H 1
| #define HAVE_UTIME_H 1
| #define HAVE_POLL_H 1
| #define HAVE_SYS_EPOLL_H 1
| #define HAVE_SYS_POLL_H 1
| #define HAVE_SYS_XATTR_H 1
| #define HAVE_SYS_FILE_H 1
| #define HAVE_SYS_IOCTL_H 1
| /* end confdefs.h.  */
| #include <sys/mkdev.h>
configure:8108: result: no
configure:8108: checking for sys/mkdev.h
configure:8108: result: no
configure:8108: checking sys/modem.h usability
configure:8108: gcc -c   conftest.c >&5
conftest.c:80:23: fatal error: sys/modem.h: No such file or directory
 #include <sys/modem.h>
                       ^
compilation terminated.
configure:8108: $? = 1
configure: failed program was:
| /* confdefs.h */
| #define _GNU_SOURCE 1
| #define _NETBSD_SOURCE 1
| #define __BSD_VISIBLE 1
| #define _DARWIN_C_SOURCE 1
| #define _PYTHONFRAMEWORK ""
| #define _XOPEN_SOURCE 700
| #define _XOPEN_SOURCE_EXTENDED 1
| #define _POSIX_C_SOURCE 200809L
| #define STDC_HEADERS 1
| #define HAVE_SYS_TYPES_H 1
| #define HAVE_SYS_STAT_H 1
| #define HAVE_STDLIB_H 1
| #define HAVE_STRING_H 1
| #define HAVE_MEMORY_H 1
| #define HAVE_STRINGS_H 1
| #define HAVE_INTTYPES_H 1
| #define HAVE_STDINT_H 1
| #define HAVE_UNISTD_H 1
| #define __EXTENSIONS__ 1
| #define _ALL_SOURCE 1
| #define _GNU_SOURCE 1
| #define _POSIX_PTHREAD_SEMANTICS 1
| #define _TANDEM_SOURCE 1
| #define STDC_HEADERS 1
| #define HAVE_ASM_TYPES_H 1
| #define HAVE_CRYPT_H 1
| #define HAVE_DLFCN_H 1
| #define HAVE_ERRNO_H 1
| #define HAVE_FCNTL_H 1
| #define HAVE_GRP_H 1
| #define HAVE_LANGINFO_H 1
| #define HAVE_LIBINTL_H 1
| #define HAVE_PTHREAD_H 1
| #define HAVE_SCHED_H 1
| #define HAVE_SHADOW_H 1
| #define HAVE_SIGNAL_H 1
| #define HAVE_TERMIOS_H 1
| #define HAVE_UTIME_H 1
| #define HAVE_POLL_H 1
| #define HAVE_SYS_EPOLL_H 1
| #define HAVE_SYS_POLL_H 1
| #define HAVE_SYS_XATTR_H 1
| #define HAVE_SYS_FILE_H 1
| #define HAVE_SYS_IOCTL_H 1
| /* end confdefs.h.  */
| #include <stdio.h>
| #ifdef HAVE_SYS_TYPES_H
| # include <sys/types.h>
| #endif
| #ifdef HAVE_SYS_STAT_H
| # include <sys/stat.h>
| #endif
| #ifdef STDC_HEADERS
| # include <stdlib.h>
| # include <stddef.h>
| #else
| # ifdef HAVE_STDLIB_H
| #  include <stdlib.h>
| # endif
| #endif
| #ifdef HAVE_STRING_H
| # if !defined STDC_HEADERS && defined HAVE_MEMORY_H
| #  include <memory.h>
| # endif
| # include <string.h>
| #endif
| #ifdef HAVE_STRINGS_H
| # include <strings.h>
| #endif
| #ifdef HAVE_INTTYPES_H
| # include <inttypes.h>
| #endif
| #ifdef HAVE_STDINT_H
| # include <stdint.h>
| #endif
| #ifdef HAVE_UNISTD_H
| # include <unistd.h>
| #endif
| #include <sys/modem.h>
configure:8108: result: no
configure:8108: checking sys/modem.h presence
configure:8108: gcc -E  conftest.c
conftest.c:47:23: fatal error: sys/modem.h: No such file or directory
 #include <sys/modem.h>
                       ^
compilation terminated.
configure:8108: $? = 1
configure: failed program was:
| /* confdefs.h */
| #define _GNU_SOURCE 1
| #define _NETBSD_SOURCE 1
| #define __BSD_VISIBLE 1
| #define _DARWIN_C_SOURCE 1
| #define _PYTHONFRAMEWORK ""
| #define _XOPEN_SOURCE 700
| #define _XOPEN_SOURCE_EXTENDED 1
| #define _POSIX_C_SOURCE 200809L
| #define STDC_HEADERS 1
| #define HAVE_SYS_TYPES_H 1
| #define HAVE_SYS_STAT_H 1
| #define HAVE_STDLIB_H 1
| #define HAVE_STRING_H 1
| #define HAVE_MEMORY_H 1
| #define HAVE_STRINGS_H 1
| #define HAVE_INTTYPES_H 1
| #define HAVE_STDINT_H 1
| #define HAVE_UNISTD_H 1
| #define __EXTENSIONS__ 1
| #define _ALL_SOURCE 1
| #define _GNU_SOURCE 1
| #define _POSIX_PTHREAD_SEMANTICS 1
| #define _TANDEM_SOURCE 1
| #define STDC_HEADERS 1
| #define HAVE_ASM_TYPES_H 1
| #define HAVE_CRYPT_H 1
| #define HAVE_DLFCN_H 1
| #define HAVE_ERRNO_H 1
| #define HAVE_FCNTL_H 1
| #define HAVE_GRP_H 1
| #define HAVE_LANGINFO_H 1
| #define HAVE_LIBINTL_H 1
| #define HAVE_PTHREAD_H 1
| #define HAVE_SCHED_H 1
| #define HAVE_SHADOW_H 1
| #define HAVE_SIGNAL_H 1
| #define HAVE_TERMIOS_H 1
| #define HAVE_UTIME_H 1
| #define HAVE_POLL_H 1
| #define HAVE_SYS_EPOLL_H 1
| #define HAVE_SYS_POLL_H 1
| #define HAVE_SYS_XATTR_H 1
| #define HAVE_SYS_FILE_H 1
| #define HAVE_SYS_IOCTL_H 1
| /* end confdefs.h.  */
| #include <sys/modem.h>
configure:8108: result: no
configure:8108: checking for sys/modem.h
configure:8108: result: no
configure:8108: checking sys/param.h usability
configure:8108: gcc -c   conftest.c >&5
configure:8108: $? = 0
configure:8108: result: yes
configure:8108: checking sys/param.h presence
configure:8108: gcc -E  conftest.c
configure:8108: $? = 0
configure:8108: result: yes
configure:8108: checking for sys/param.h
configure:8108: result: yes
configure:8108: checking sys/random.h usability
configure:8108: gcc -c   conftest.c >&5
conftest.c:81:24: fatal error: sys/random.h: No such file or directory
 #include <sys/random.h>
                        ^
compilation terminated.
configure:8108: $? = 1
configure: failed program was:
| /* confdefs.h */
| #define _GNU_SOURCE 1
| #define _NETBSD_SOURCE 1
| #define __BSD_VISIBLE 1
| #define _DARWIN_C_SOURCE 1
| #define _PYTHONFRAMEWORK ""
| #define _XOPEN_SOURCE 700
| #define _XOPEN_SOURCE_EXTENDED 1
| #define _POSIX_C_SOURCE 200809L
| #define STDC_HEADERS 1
| #define HAVE_SYS_TYPES_H 1
| #define HAVE_SYS_STAT_H 1
| #define HAVE_STDLIB_H 1
| #define HAVE_STRING_H 1
| #define HAVE_MEMORY_H 1
| #define HAVE_STRINGS_H 1
| #define HAVE_INTTYPES_H 1
| #define HAVE_STDINT_H 1
| #define HAVE_UNISTD_H 1
| #define __EXTENSIONS__ 1
| #define _ALL_SOURCE 1
| #define _GNU_SOURCE 1
| #define _POSIX_PTHREAD_SEMANTICS 1
| #define _TANDEM_SOURCE 1
| #define STDC_HEADERS 1
| #define HAVE_ASM_TYPES_H 1
| #define HAVE_CRYPT_H 1
| #define HAVE_DLFCN_H 1
| #define HAVE_ERRNO_H 1
| #define HAVE_FCNTL_H 1
| #define HAVE_GRP_H 1
| #define HAVE_LANGINFO_H 1
| #define HAVE_LIBINTL_H 1
| #define HAVE_PTHREAD_H 1
| #define HAVE_SCHED_H 1
| #define HAVE_SHADOW_H 1
| #define HAVE_SIGNAL_H 1
| #define HAVE_TERMIOS_H 1
| #define HAVE_UTIME_H 1
| #define HAVE_POLL_H 1
| #define HAVE_SYS_EPOLL_H 1
| #define HAVE_SYS_POLL_H 1
| #define HAVE_SYS_XATTR_H 1
| #define HAVE_SYS_FILE_H 1
| #define HAVE_SYS_IOCTL_H 1
| #define HAVE_SYS_PARAM_H 1
| /* end confdefs.h.  */
| #include <stdio.h>
| #ifdef HAVE_SYS_TYPES_H
| # include <sys/types.h>
| #endif
| #ifdef HAVE_SYS_STAT_H
| # include <sys/stat.h>
| #endif
| #ifdef STDC_HEADERS
| # include <stdlib.h>
| # include <stddef.h>
| #else
| # ifdef HAVE_STDLIB_H
| #  include <stdlib.h>
| # endif
| #endif
| #ifdef HAVE_STRING_H
| # if !defined STDC_HEADERS && defined HAVE_MEMORY_H
| #  include <memory.h>
| # endif
| # include <string.h>
| #endif
| #ifdef HAVE_STRINGS_H
| # include <strings.h>
| #endif
| #ifdef HAVE_INTTYPES_H
| # include <inttypes.h>
| #endif
| #ifdef HAVE_STDINT_H
| # include <stdint.h>
| #endif
| #ifdef HAVE_UNISTD_H
| # include <unistd.h>
| #endif
| #include <sys/random.h>
configure:8108: result: no
configure:8108: checking sys/random.h presence
configure:8108: gcc -E  conftest.c
conftest.c:48:24: fatal error: sys/random.h: No such file or directory
 #include <sys/random.h>
                        ^
compilation terminated.
configure:8108: $? = 1
configure: failed program was:
| /* confdefs.h */
| #define _GNU_SOURCE 1
| #define _NETBSD_SOURCE 1
| #define __BSD_VISIBLE 1
| #define _DARWIN_C_SOURCE 1
| #define _PYTHONFRAMEWORK ""
| #define _XOPEN_SOURCE 700
| #define _XOPEN_SOURCE_EXTENDED 1
| #define _POSIX_C_SOURCE 200809L
| #define STDC_HEADERS 1
| #define HAVE_SYS_TYPES_H 1
| #define HAVE_SYS_STAT_H 1
| #define HAVE_STDLIB_H 1
| #define HAVE_STRING_H 1
| #define HAVE_MEMORY_H 1
| #define HAVE_STRINGS_H 1
| #define HAVE_INTTYPES_H 1
| #define HAVE_STDINT_H 1
| #define HAVE_UNISTD_H 1
| #define __EXTENSIONS__ 1
| #define _ALL_SOURCE 1
| #define _GNU_SOURCE 1
| #define _POSIX_PTHREAD_SEMANTICS 1
| #define _TANDEM_SOURCE 1
| #define STDC_HEADERS 1
| #define HAVE_ASM_TYPES_H 1
| #define HAVE_CRYPT_H 1
| #define HAVE_DLFCN_H 1
| #define HAVE_ERRNO_H 1
| #define HAVE_FCNTL_H 1
| #define HAVE_GRP_H 1
| #define HAVE_LANGINFO_H 1
| #define HAVE_LIBINTL_H 1
| #define HAVE_PTHREAD_H 1
| #define HAVE_SCHED_H 1
| #define HAVE_SHADOW_H 1
| #define HAVE_SIGNAL_H 1
| #define HAVE_TERMIOS_H 1
| #define HAVE_UTIME_H 1
| #define HAVE_POLL_H 1
| #define HAVE_SYS_EPOLL_H 1
| #define HAVE_SYS_POLL_H 1
| #define HAVE_SYS_XATTR_H 1
| #define HAVE_SYS_FILE_H 1
| #define HAVE_SYS_IOCTL_H 1
| #define HAVE_SYS_PARAM_H 1
| /* end confdefs.h.  */
| #include <sys/random.h>
configure:8108: result: no
configure:8108: checking for sys/random.h
configure:8108: result: no
configure:8108: checking sys/select.h usability
configure:8108: gcc -c   conftest.c >&5
configure:8108: $? = 0
configure:8108: result: yes
configure:8108: checking sys/select.h presence
configure:8108: gcc -E  conftest.c
configure:8108: $? = 0
configure:8108: result: yes
configure:8108: checking for sys/select.h
configure:8108: result: yes
configure:8108: checking sys/sendfile.h usability
configure:8108: gcc -c   conftest.c >&5
configure:8108: $? = 0
configure:8108: result: yes
configure:8108: checking sys/sendfile.h presence
configure:8108: gcc -E  conftest.c
configure:8108: $? = 0
configure:8108: result: yes
configure:8108: checking for sys/sendfile.h
configure:8108: result: yes
configure:8108: checking sys/socket.h usability
configure:8108: gcc -c   conftest.c >&5
configure:8108: $? = 0
configure:8108: result: yes
configure:8108: checking sys/socket.h presence
configure:8108: gcc -E  conftest.c
configure:8108: $? = 0
configure:8108: result: yes
configure:8108: checking for sys/socket.h
configure:8108: result: yes
configure:8108: checking sys/statvfs.h usability
configure:8108: gcc -c   conftest.c >&5
configure:8108: $? = 0
configure:8108: result: yes
configure:8108: checking sys/statvfs.h presence
configure:8108: gcc -E  conftest.c
configure:8108: $? = 0
configure:8108: result: yes
configure:8108: checking for sys/statvfs.h
configure:8108: result: yes
configure:8108: checking for sys/stat.h
configure:8108: result: yes
configure:8108: checking sys/syscall.h usability
configure:8108: gcc -c   conftest.c >&5
configure:8108: $? = 0
configure:8108: result: yes
configure:8108: checking sys/syscall.h presence
configure:8108: gcc -E  conftest.c
configure:8108: $? = 0
configure:8108: result: yes
configure:8108: checking for sys/syscall.h
configure:8108: result: yes
configure:8108: checking sys/sys_domain.h usability
configure:8108: gcc -c   conftest.c >&5
conftest.c:87:28: fatal error: sys/sys_domain.h: No such file or directory
 #include <sys/sys_domain.h>
                            ^
compilation terminated.
configure:8108: $? = 1
configure: failed program was:
| /* confdefs.h */
| #define _GNU_SOURCE 1
| #define _NETBSD_SOURCE 1
| #define __BSD_VISIBLE 1
| #define _DARWIN_C_SOURCE 1
| #define _PYTHONFRAMEWORK ""
| #define _XOPEN_SOURCE 700
| #define _XOPEN_SOURCE_EXTENDED 1
| #define _POSIX_C_SOURCE 200809L
| #define STDC_HEADERS 1
| #define HAVE_SYS_TYPES_H 1
| #define HAVE_SYS_STAT_H 1
| #define HAVE_STDLIB_H 1
| #define HAVE_STRING_H 1
| #define HAVE_MEMORY_H 1
| #define HAVE_STRINGS_H 1
| #define HAVE_INTTYPES_H 1
| #define HAVE_STDINT_H 1
| #define HAVE_UNISTD_H 1
| #define __EXTENSIONS__ 1
| #define _ALL_SOURCE 1
| #define _GNU_SOURCE 1
| #define _POSIX_PTHREAD_SEMANTICS 1
| #define _TANDEM_SOURCE 1
| #define STDC_HEADERS 1
| #define HAVE_ASM_TYPES_H 1
| #define HAVE_CRYPT_H 1
| #define HAVE_DLFCN_H 1
| #define HAVE_ERRNO_H 1
| #define HAVE_FCNTL_H 1
| #define HAVE_GRP_H 1
| #define HAVE_LANGINFO_H 1
| #define HAVE_LIBINTL_H 1
| #define HAVE_PTHREAD_H 1
| #define HAVE_SCHED_H 1
| #define HAVE_SHADOW_H 1
| #define HAVE_SIGNAL_H 1
| #define HAVE_TERMIOS_H 1
| #define HAVE_UTIME_H 1
| #define HAVE_POLL_H 1
| #define HAVE_SYS_EPOLL_H 1
| #define HAVE_SYS_POLL_H 1
| #define HAVE_SYS_XATTR_H 1
| #define HAVE_SYS_FILE_H 1
| #define HAVE_SYS_IOCTL_H 1
| #define HAVE_SYS_PARAM_H 1
| #define HAVE_SYS_SELECT_H 1
| #define HAVE_SYS_SENDFILE_H 1
| #define HAVE_SYS_SOCKET_H 1
| #define HAVE_SYS_STATVFS_H 1
| #define HAVE_SYS_STAT_H 1
| #define HAVE_SYS_SYSCALL_H 1
| /* end confdefs.h.  */
| #include <stdio.h>
| #ifdef HAVE_SYS_TYPES_H
| # include <sys/types.h>
| #endif
| #ifdef HAVE_SYS_STAT_H
| # include <sys/stat.h>
| #endif
| #ifdef STDC_HEADERS
| # include <stdlib.h>
| # include <stddef.h>
| #else
| # ifdef HAVE_STDLIB_H
| #  include <stdlib.h>
| # endif
| #endif
| #ifdef HAVE_STRING_H
| # if !defined STDC_HEADERS && defined HAVE_MEMORY_H
| #  include <memory.h>
| # endif
| # include <string.h>
| #endif
| #ifdef HAVE_STRINGS_H
| # include <strings.h>
| #endif
| #ifdef HAVE_INTTYPES_H
| # include <inttypes.h>
| #endif
| #ifdef HAVE_STDINT_H
| # include <stdint.h>
| #endif
| #ifdef HAVE_UNISTD_H
| # include <unistd.h>
| #endif
| #include <sys/sys_domain.h>
configure:8108: result: no
configure:8108: checking sys/sys_domain.h presence
configure:8108: gcc -E  conftest.c
conftest.c:54:28: fatal error: sys/sys_domain.h: No such file or directory
 #include <sys/sys_domain.h>
                            ^
compilation terminated.
configure:8108: $? = 1
configure: failed program was:
| /* confdefs.h */
| #define _GNU_SOURCE 1
| #define _NETBSD_SOURCE 1
| #define __BSD_VISIBLE 1
| #define _DARWIN_C_SOURCE 1
| #define _PYTHONFRAMEWORK ""
| #define _XOPEN_SOURCE 700
| #define _XOPEN_SOURCE_EXTENDED 1
| #define _POSIX_C_SOURCE 200809L
| #define STDC_HEADERS 1
| #define HAVE_SYS_TYPES_H 1
| #define HAVE_SYS_STAT_H 1
| #define HAVE_STDLIB_H 1
| #define HAVE_STRING_H 1
| #define HAVE_MEMORY_H 1
| #define HAVE_STRINGS_H 1
| #define HAVE_INTTYPES_H 1
| #define HAVE_STDINT_H 1
| #define HAVE_UNISTD_H 1
| #define __EXTENSIONS__ 1
| #define _ALL_SOURCE 1
| #define _GNU_SOURCE 1
| #define _POSIX_PTHREAD_SEMANTICS 1
| #define _TANDEM_SOURCE 1
| #define STDC_HEADERS 1
| #define HAVE_ASM_TYPES_H 1
| #define HAVE_CRYPT_H 1
| #define HAVE_DLFCN_H 1
| #define HAVE_ERRNO_H 1
| #define HAVE_FCNTL_H 1
| #define HAVE_GRP_H 1
| #define HAVE_LANGINFO_H 1
| #define HAVE_LIBINTL_H 1
| #define HAVE_PTHREAD_H 1
| #define HAVE_SCHED_H 1
| #define HAVE_SHADOW_H 1
| #define HAVE_SIGNAL_H 1
| #define HAVE_TERMIOS_H 1
| #define HAVE_UTIME_H 1
| #define HAVE_POLL_H 1
| #define HAVE_SYS_EPOLL_H 1
| #define HAVE_SYS_POLL_H 1
| #define HAVE_SYS_XATTR_H 1
| #define HAVE_SYS_FILE_H 1
| #define HAVE_SYS_IOCTL_H 1
| #define HAVE_SYS_PARAM_H 1
| #define HAVE_SYS_SELECT_H 1
| #define HAVE_SYS_SENDFILE_H 1
| #define HAVE_SYS_SOCKET_H 1
| #define HAVE_SYS_STATVFS_H 1
| #define HAVE_SYS_STAT_H 1
| #define HAVE_SYS_SYSCALL_H 1
| /* end confdefs.h.  */
| #include <sys/sys_domain.h>
configure:8108: result: no
configure:8108: checking for sys/sys_domain.h
configure:8108: result: no
configure:8108: checking sys/termio.h usability
configure:8108: gcc -c   conftest.c >&5
conftest.c:87:24: fatal error: sys/termio.h: No such file or directory
 #include <sys/termio.h>
                        ^
compilation terminated.
configure:8108: $? = 1
configure: failed program was:
| /* confdefs.h */
| #define _GNU_SOURCE 1
| #define _NETBSD_SOURCE 1
| #define __BSD_VISIBLE 1
| #define _DARWIN_C_SOURCE 1
| #define _PYTHONFRAMEWORK ""
| #define _XOPEN_SOURCE 700
| #define _XOPEN_SOURCE_EXTENDED 1
| #define _POSIX_C_SOURCE 200809L
| #define STDC_HEADERS 1
| #define HAVE_SYS_TYPES_H 1
| #define HAVE_SYS_STAT_H 1
| #define HAVE_STDLIB_H 1
| #define HAVE_STRING_H 1
| #define HAVE_MEMORY_H 1
| #define HAVE_STRINGS_H 1
| #define HAVE_INTTYPES_H 1
| #define HAVE_STDINT_H 1
| #define HAVE_UNISTD_H 1
| #define __EXTENSIONS__ 1
| #define _ALL_SOURCE 1
| #define _GNU_SOURCE 1
| #define _POSIX_PTHREAD_SEMANTICS 1
| #define _TANDEM_SOURCE 1
| #define STDC_HEADERS 1
| #define HAVE_ASM_TYPES_H 1
| #define HAVE_CRYPT_H 1
| #define HAVE_DLFCN_H 1
| #define HAVE_ERRNO_H 1
| #define HAVE_FCNTL_H 1
| #define HAVE_GRP_H 1
| #define HAVE_LANGINFO_H 1
| #define HAVE_LIBINTL_H 1
| #define HAVE_PTHREAD_H 1
| #define HAVE_SCHED_H 1
| #define HAVE_SHADOW_H 1
| #define HAVE_SIGNAL_H 1
| #define HAVE_TERMIOS_H 1
| #define HAVE_UTIME_H 1
| #define HAVE_POLL_H 1
| #define HAVE_SYS_EPOLL_H 1
| #define HAVE_SYS_POLL_H 1
| #define HAVE_SYS_XATTR_H 1
| #define HAVE_SYS_FILE_H 1
| #define HAVE_SYS_IOCTL_H 1
| #define HAVE_SYS_PARAM_H 1
| #define HAVE_SYS_SELECT_H 1
| #define HAVE_SYS_SENDFILE_H 1
| #define HAVE_SYS_SOCKET_H 1
| #define HAVE_SYS_STATVFS_H 1
| #define HAVE_SYS_STAT_H 1
| #define HAVE_SYS_SYSCALL_H 1
| /* end confdefs.h.  */
| #include <stdio.h>
| #ifdef HAVE_SYS_TYPES_H
| # include <sys/types.h>
| #endif
| #ifdef HAVE_SYS_STAT_H
| # include <sys/stat.h>
| #endif
| #ifdef STDC_HEADERS
| # include <stdlib.h>
| # include <stddef.h>
| #else
| # ifdef HAVE_STDLIB_H
| #  include <stdlib.h>
| # endif
| #endif
| #ifdef HAVE_STRING_H
| # if !defined STDC_HEADERS && defined HAVE_MEMORY_H
| #  include <memory.h>
| # endif
| # include <string.h>
| #endif
| #ifdef HAVE_STRINGS_H
| # include <strings.h>
| #endif
| #ifdef HAVE_INTTYPES_H
| # include <inttypes.h>
| #endif
| #ifdef HAVE_STDINT_H
| # include <stdint.h>
| #endif
| #ifdef HAVE_UNISTD_H
| # include <unistd.h>
| #endif
| #include <sys/termio.h>
configure:8108: result: no
configure:8108: checking sys/termio.h presence
configure:8108: gcc -E  conftest.c
conftest.c:54:24: fatal error: sys/termio.h: No such file or directory
 #include <sys/termio.h>
                        ^
compilation terminated.
configure:8108: $? = 1
configure: failed program was:
| /* confdefs.h */
| #define _GNU_SOURCE 1
| #define _NETBSD_SOURCE 1
| #define __BSD_VISIBLE 1
| #define _DARWIN_C_SOURCE 1
| #define _PYTHONFRAMEWORK ""
| #define _XOPEN_SOURCE 700
| #define _XOPEN_SOURCE_EXTENDED 1
| #define _POSIX_C_SOURCE 200809L
| #define STDC_HEADERS 1
| #define HAVE_SYS_TYPES_H 1
| #define HAVE_SYS_STAT_H 1
| #define HAVE_STDLIB_H 1
| #define HAVE_STRING_H 1
| #define HAVE_MEMORY_H 1
| #define HAVE_STRINGS_H 1
| #define HAVE_INTTYPES_H 1
| #define HAVE_STDINT_H 1
| #define HAVE_UNISTD_H 1
| #define __EXTENSIONS__ 1
| #define _ALL_SOURCE 1
| #define _GNU_SOURCE 1
| #define _POSIX_PTHREAD_SEMANTICS 1
| #define _TANDEM_SOURCE 1
| #define STDC_HEADERS 1
| #define HAVE_ASM_TYPES_H 1
| #define HAVE_CRYPT_H 1
| #define HAVE_DLFCN_H 1
| #define HAVE_ERRNO_H 1
| #define HAVE_FCNTL_H 1
| #define HAVE_GRP_H 1
| #define HAVE_LANGINFO_H 1
| #define HAVE_LIBINTL_H 1
| #define HAVE_PTHREAD_H 1
| #define HAVE_SCHED_H 1
| #define HAVE_SHADOW_H 1
| #define HAVE_SIGNAL_H 1
| #define HAVE_TERMIOS_H 1
| #define HAVE_UTIME_H 1
| #define HAVE_POLL_H 1
| #define HAVE_SYS_EPOLL_H 1
| #define HAVE_SYS_POLL_H 1
| #define HAVE_SYS_XATTR_H 1
| #define HAVE_SYS_FILE_H 1
| #define HAVE_SYS_IOCTL_H 1
| #define HAVE_SYS_PARAM_H 1
| #define HAVE_SYS_SELECT_H 1
| #define HAVE_SYS_SENDFILE_H 1
| #define HAVE_SYS_SOCKET_H 1
| #define HAVE_SYS_STATVFS_H 1
| #define HAVE_SYS_STAT_H 1
| #define HAVE_SYS_SYSCALL_H 1
| /* end confdefs.h.  */
| #include <sys/termio.h>
configure:8108: result: no
configure:8108: checking for sys/termio.h
configure:8108: result: no
configure:8108: checking sys/time.h usability
configure:8108: gcc -c   conftest.c >&5
configure:8108: $? = 0
configure:8108: result: yes
configure:8108: checking sys/time.h presence
configure:8108: gcc -E  conftest.c
configure:8108: $? = 0
configure:8108: result: yes
configure:8108: checking for sys/time.h
configure:8108: result: yes
configure:8108: checking sys/times.h usability
configure:8108: gcc -c   conftest.c >&5
configure:8108: $? = 0
configure:8108: result: yes
configure:8108: checking sys/times.h presence
configure:8108: gcc -E  conftest.c
configure:8108: $? = 0
configure:8108: result: yes
configure:8108: checking for sys/times.h
configure:8108: result: yes
configure:8108: checking for sys/types.h
configure:8108: result: yes
configure:8108: checking sys/uio.h usability
configure:8108: gcc -c   conftest.c >&5
configure:8108: $? = 0
configure:8108: result: yes
configure:8108: checking sys/uio.h presence
configure:8108: gcc -E  conftest.c
configure:8108: $? = 0
configure:8108: result: yes
configure:8108: checking for sys/uio.h
configure:8108: result: yes
configure:8108: checking sys/un.h usability
configure:8108: gcc -c   conftest.c >&5
configure:8108: $? = 0
configure:8108: result: yes
configure:8108: checking sys/un.h presence
configure:8108: gcc -E  conftest.c
configure:8108: $? = 0
configure:8108: result: yes
configure:8108: checking for sys/un.h
configure:8108: result: yes
configure:8108: checking sys/utsname.h usability
configure:8108: gcc -c   conftest.c >&5
configure:8108: $? = 0
configure:8108: result: yes
configure:8108: checking sys/utsname.h presence
configure:8108: gcc -E  conftest.c
configure:8108: $? = 0
configure:8108: result: yes
configure:8108: checking for sys/utsname.h
configure:8108: result: yes
configure:8108: checking sys/wait.h usability
configure:8108: gcc -c   conftest.c >&5
configure:8108: $? = 0
configure:8108: result: yes
configure:8108: checking sys/wait.h presence
configure:8108: gcc -E  conftest.c
configure:8108: $? = 0
configure:8108: result: yes
configure:8108: checking for sys/wait.h
configure:8108: result: yes
configure:8108: checking pty.h usability
configure:8108: gcc -c   conftest.c >&5
configure:8108: $? = 0
configure:8108: result: yes
configure:8108: checking pty.h presence
configure:8108: gcc -E  conftest.c
configure:8108: $? = 0
configure:8108: result: yes
configure:8108: checking for pty.h
configure:8108: result: yes
configure:8108: checking libutil.h usability
configure:8108: gcc -c   conftest.c >&5
conftest.c:95:21: fatal error: libutil.h: No such file or directory
 #include <libutil.h>
                     ^
compilation terminated.
configure:8108: $? = 1
configure: failed program was:
| /* confdefs.h */
| #define _GNU_SOURCE 1
| #define _NETBSD_SOURCE 1
| #define __BSD_VISIBLE 1
| #define _DARWIN_C_SOURCE 1
| #define _PYTHONFRAMEWORK ""
| #define _XOPEN_SOURCE 700
| #define _XOPEN_SOURCE_EXTENDED 1
| #define _POSIX_C_SOURCE 200809L
| #define STDC_HEADERS 1
| #define HAVE_SYS_TYPES_H 1
| #define HAVE_SYS_STAT_H 1
| #define HAVE_STDLIB_H 1
| #define HAVE_STRING_H 1
| #define HAVE_MEMORY_H 1
| #define HAVE_STRINGS_H 1
| #define HAVE_INTTYPES_H 1
| #define HAVE_STDINT_H 1
| #define HAVE_UNISTD_H 1
| #define __EXTENSIONS__ 1
| #define _ALL_SOURCE 1
| #define _GNU_SOURCE 1
| #define _POSIX_PTHREAD_SEMANTICS 1
| #define _TANDEM_SOURCE 1
| #define STDC_HEADERS 1
| #define HAVE_ASM_TYPES_H 1
| #define HAVE_CRYPT_H 1
| #define HAVE_DLFCN_H 1
| #define HAVE_ERRNO_H 1
| #define HAVE_FCNTL_H 1
| #define HAVE_GRP_H 1
| #define HAVE_LANGINFO_H 1
| #define HAVE_LIBINTL_H 1
| #define HAVE_PTHREAD_H 1
| #define HAVE_SCHED_H 1
| #define HAVE_SHADOW_H 1
| #define HAVE_SIGNAL_H 1
| #define HAVE_TERMIOS_H 1
| #define HAVE_UTIME_H 1
| #define HAVE_POLL_H 1
| #define HAVE_SYS_EPOLL_H 1
| #define HAVE_SYS_POLL_H 1
| #define HAVE_SYS_XATTR_H 1
| #define HAVE_SYS_FILE_H 1
| #define HAVE_SYS_IOCTL_H 1
| #define HAVE_SYS_PARAM_H 1
| #define HAVE_SYS_SELECT_H 1
| #define HAVE_SYS_SENDFILE_H 1
| #define HAVE_SYS_SOCKET_H 1
| #define HAVE_SYS_STATVFS_H 1
| #define HAVE_SYS_STAT_H 1
| #define HAVE_SYS_SYSCALL_H 1
| #define HAVE_SYS_TIME_H 1
| #define HAVE_SYS_TIMES_H 1
| #define HAVE_SYS_TYPES_H 1
| #define HAVE_SYS_UIO_H 1
| #define HAVE_SYS_UN_H 1
| #define HAVE_SYS_UTSNAME_H 1
| #define HAVE_SYS_WAIT_H 1
| #define HAVE_PTY_H 1
| /* end confdefs.h.  */
| #include <stdio.h>
| #ifdef HAVE_SYS_TYPES_H
| # include <sys/types.h>
| #endif
| #ifdef HAVE_SYS_STAT_H
| # include <sys/stat.h>
| #endif
| #ifdef STDC_HEADERS
| # include <stdlib.h>
| # include <stddef.h>
| #else
| # ifdef HAVE_STDLIB_H
| #  include <stdlib.h>
| # endif
| #endif
| #ifdef HAVE_STRING_H
| # if !defined STDC_HEADERS && defined HAVE_MEMORY_H
| #  include <memory.h>
| # endif
| # include <string.h>
| #endif
| #ifdef HAVE_STRINGS_H
| # include <strings.h>
| #endif
| #ifdef HAVE_INTTYPES_H
| # include <inttypes.h>
| #endif
| #ifdef HAVE_STDINT_H
| # include <stdint.h>
| #endif
| #ifdef HAVE_UNISTD_H
| # include <unistd.h>
| #endif
| #include <libutil.h>
configure:8108: result: no
configure:8108: checking libutil.h presence
configure:8108: gcc -E  conftest.c
conftest.c:62:21: fatal error: libutil.h: No such file or directory
 #include <libutil.h>
                     ^
compilation terminated.
configure:8108: $? = 1
configure: failed program was:
| /* confdefs.h */
| #define _GNU_SOURCE 1
| #define _NETBSD_SOURCE 1
| #define __BSD_VISIBLE 1
| #define _DARWIN_C_SOURCE 1
| #define _PYTHONFRAMEWORK ""
| #define _XOPEN_SOURCE 700
| #define _XOPEN_SOURCE_EXTENDED 1
| #define _POSIX_C_SOURCE 200809L
| #define STDC_HEADERS 1
| #define HAVE_SYS_TYPES_H 1
| #define HAVE_SYS_STAT_H 1
| #define HAVE_STDLIB_H 1
| #define HAVE_STRING_H 1
| #define HAVE_MEMORY_H 1
| #define HAVE_STRINGS_H 1
| #define HAVE_INTTYPES_H 1
| #define HAVE_STDINT_H 1
| #define HAVE_UNISTD_H 1
| #define __EXTENSIONS__ 1
| #define _ALL_SOURCE 1
| #define _GNU_SOURCE 1
| #define _POSIX_PTHREAD_SEMANTICS 1
| #define _TANDEM_SOURCE 1
| #define STDC_HEADERS 1
| #define HAVE_ASM_TYPES_H 1
| #define HAVE_CRYPT_H 1
| #define HAVE_DLFCN_H 1
| #define HAVE_ERRNO_H 1
| #define HAVE_FCNTL_H 1
| #define HAVE_GRP_H 1
| #define HAVE_LANGINFO_H 1
| #define HAVE_LIBINTL_H 1
| #define HAVE_PTHREAD_H 1
| #define HAVE_SCHED_H 1
| #define HAVE_SHADOW_H 1
| #define HAVE_SIGNAL_H 1
| #define HAVE_TERMIOS_H 1
| #define HAVE_UTIME_H 1
| #define HAVE_POLL_H 1
| #define HAVE_SYS_EPOLL_H 1
| #define HAVE_SYS_POLL_H 1
| #define HAVE_SYS_XATTR_H 1
| #define HAVE_SYS_FILE_H 1
| #define HAVE_SYS_IOCTL_H 1
| #define HAVE_SYS_PARAM_H 1
| #define HAVE_SYS_SELECT_H 1
| #define HAVE_SYS_SENDFILE_H 1
| #define HAVE_SYS_SOCKET_H 1
| #define HAVE_SYS_STATVFS_H 1
| #define HAVE_SYS_STAT_H 1
| #define HAVE_SYS_SYSCALL_H 1
| #define HAVE_SYS_TIME_H 1
| #define HAVE_SYS_TIMES_H 1
| #define HAVE_SYS_TYPES_H 1
| #define HAVE_SYS_UIO_H 1
| #define HAVE_SYS_UN_H 1
| #define HAVE_SYS_UTSNAME_H 1
| #define HAVE_SYS_WAIT_H 1
| #define HAVE_PTY_H 1
| /* end confdefs.h.  */
| #include <libutil.h>
configure:8108: result: no
configure:8108: checking for libutil.h
configure:8108: result: no
configure:8108: checking sys/resource.h usability
configure:8108: gcc -c   conftest.c >&5
configure:8108: $? = 0
configure:8108: result: yes
configure:8108: checking sys/resource.h presence
configure:8108: gcc -E  conftest.c
configure:8108: $? = 0
configure:8108: result: yes
configure:8108: checking for sys/resource.h
configure:8108: result: yes
configure:8108: checking netpacket/packet.h usability
configure:8108: gcc -c   conftest.c >&5
configure:8108: $? = 0
configure:8108: result: yes
configure:8108: checking netpacket/packet.h presence
configure:8108: gcc -E  conftest.c
configure:8108: $? = 0
configure:8108: result: yes
configure:8108: checking for netpacket/packet.h
configure:8108: result: yes
configure:8108: checking sysexits.h usability
configure:8108: gcc -c   conftest.c >&5
configure:8108: $? = 0
configure:8108: result: yes
configure:8108: checking sysexits.h presence
configure:8108: gcc -E  conftest.c
configure:8108: $? = 0
configure:8108: result: yes
configure:8108: checking for sysexits.h
configure:8108: result: yes
configure:8108: checking bluetooth.h usability
configure:8108: gcc -c   conftest.c >&5
conftest.c:98:23: fatal error: bluetooth.h: No such file or directory
 #include <bluetooth.h>
                       ^
compilation terminated.
configure:8108: $? = 1
configure: failed program was:
| /* confdefs.h */
| #define _GNU_SOURCE 1
| #define _NETBSD_SOURCE 1
| #define __BSD_VISIBLE 1
| #define _DARWIN_C_SOURCE 1
| #define _PYTHONFRAMEWORK ""
| #define _XOPEN_SOURCE 700
| #define _XOPEN_SOURCE_EXTENDED 1
| #define _POSIX_C_SOURCE 200809L
| #define STDC_HEADERS 1
| #define HAVE_SYS_TYPES_H 1
| #define HAVE_SYS_STAT_H 1
| #define HAVE_STDLIB_H 1
| #define HAVE_STRING_H 1
| #define HAVE_MEMORY_H 1
| #define HAVE_STRINGS_H 1
| #define HAVE_INTTYPES_H 1
| #define HAVE_STDINT_H 1
| #define HAVE_UNISTD_H 1
| #define __EXTENSIONS__ 1
| #define _ALL_SOURCE 1
| #define _GNU_SOURCE 1
| #define _POSIX_PTHREAD_SEMANTICS 1
| #define _TANDEM_SOURCE 1
| #define STDC_HEADERS 1
| #define HAVE_ASM_TYPES_H 1
| #define HAVE_CRYPT_H 1
| #define HAVE_DLFCN_H 1
| #define HAVE_ERRNO_H 1
| #define HAVE_FCNTL_H 1
| #define HAVE_GRP_H 1
| #define HAVE_LANGINFO_H 1
| #define HAVE_LIBINTL_H 1
| #define HAVE_PTHREAD_H 1
| #define HAVE_SCHED_H 1
| #define HAVE_SHADOW_H 1
| #define HAVE_SIGNAL_H 1
| #define HAVE_TERMIOS_H 1
| #define HAVE_UTIME_H 1
| #define HAVE_POLL_H 1
| #define HAVE_SYS_EPOLL_H 1
| #define HAVE_SYS_POLL_H 1
| #define HAVE_SYS_XATTR_H 1
| #define HAVE_SYS_FILE_H 1
| #define HAVE_SYS_IOCTL_H 1
| #define HAVE_SYS_PARAM_H 1
| #define HAVE_SYS_SELECT_H 1
| #define HAVE_SYS_SENDFILE_H 1
| #define HAVE_SYS_SOCKET_H 1
| #define HAVE_SYS_STATVFS_H 1
| #define HAVE_SYS_STAT_H 1
| #define HAVE_SYS_SYSCALL_H 1
| #define HAVE_SYS_TIME_H 1
| #define HAVE_SYS_TIMES_H 1
| #define HAVE_SYS_TYPES_H 1
| #define HAVE_SYS_UIO_H 1
| #define HAVE_SYS_UN_H 1
| #define HAVE_SYS_UTSNAME_H 1
| #define HAVE_SYS_WAIT_H 1
| #define HAVE_PTY_H 1
| #define HAVE_SYS_RESOURCE_H 1
| #define HAVE_NETPACKET_PACKET_H 1
| #define HAVE_SYSEXITS_H 1
| /* end confdefs.h.  */
| #include <stdio.h>
| #ifdef HAVE_SYS_TYPES_H
| # include <sys/types.h>
| #endif
| #ifdef HAVE_SYS_STAT_H
| # include <sys/stat.h>
| #endif
| #ifdef STDC_HEADERS
| # include <stdlib.h>
| # include <stddef.h>
| #else
| # ifdef HAVE_STDLIB_H
| #  include <stdlib.h>
| # endif
| #endif
| #ifdef HAVE_STRING_H
| # if !defined STDC_HEADERS && defined HAVE_MEMORY_H
| #  include <memory.h>
| # endif
| # include <string.h>
| #endif
| #ifdef HAVE_STRINGS_H
| # include <strings.h>
| #endif
| #ifdef HAVE_INTTYPES_H
| # include <inttypes.h>
| #endif
| #ifdef HAVE_STDINT_H
| # include <stdint.h>
| #endif
| #ifdef HAVE_UNISTD_H
| # include <unistd.h>
| #endif
| #include <bluetooth.h>
configure:8108: result: no
configure:8108: checking bluetooth.h presence
configure:8108: gcc -E  conftest.c
conftest.c:65:23: fatal error: bluetooth.h: No such file or directory
 #include <bluetooth.h>
                       ^
compilation terminated.
configure:8108: $? = 1
configure: failed program was:
| /* confdefs.h */
| #define _GNU_SOURCE 1
| #define _NETBSD_SOURCE 1
| #define __BSD_VISIBLE 1
| #define _DARWIN_C_SOURCE 1
| #define _PYTHONFRAMEWORK ""
| #define _XOPEN_SOURCE 700
| #define _XOPEN_SOURCE_EXTENDED 1
| #define _POSIX_C_SOURCE 200809L
| #define STDC_HEADERS 1
| #define HAVE_SYS_TYPES_H 1
| #define HAVE_SYS_STAT_H 1
| #define HAVE_STDLIB_H 1
| #define HAVE_STRING_H 1
| #define HAVE_MEMORY_H 1
| #define HAVE_STRINGS_H 1
| #define HAVE_INTTYPES_H 1
| #define HAVE_STDINT_H 1
| #define HAVE_UNISTD_H 1
| #define __EXTENSIONS__ 1
| #define _ALL_SOURCE 1
| #define _GNU_SOURCE 1
| #define _POSIX_PTHREAD_SEMANTICS 1
| #define _TANDEM_SOURCE 1
| #define STDC_HEADERS 1
| #define HAVE_ASM_TYPES_H 1
| #define HAVE_CRYPT_H 1
| #define HAVE_DLFCN_H 1
| #define HAVE_ERRNO_H 1
| #define HAVE_FCNTL_H 1
| #define HAVE_GRP_H 1
| #define HAVE_LANGINFO_H 1
| #define HAVE_LIBINTL_H 1
| #define HAVE_PTHREAD_H 1
| #define HAVE_SCHED_H 1
| #define HAVE_SHADOW_H 1
| #define HAVE_SIGNAL_H 1
| #define HAVE_TERMIOS_H 1
| #define HAVE_UTIME_H 1
| #define HAVE_POLL_H 1
| #define HAVE_SYS_EPOLL_H 1
| #define HAVE_SYS_POLL_H 1
| #define HAVE_SYS_XATTR_H 1
| #define HAVE_SYS_FILE_H 1
| #define HAVE_SYS_IOCTL_H 1
| #define HAVE_SYS_PARAM_H 1
| #define HAVE_SYS_SELECT_H 1
| #define HAVE_SYS_SENDFILE_H 1
| #define HAVE_SYS_SOCKET_H 1
| #define HAVE_SYS_STATVFS_H 1
| #define HAVE_SYS_STAT_H 1
| #define HAVE_SYS_SYSCALL_H 1
| #define HAVE_SYS_TIME_H 1
| #define HAVE_SYS_TIMES_H 1
| #define HAVE_SYS_TYPES_H 1
| #define HAVE_SYS_UIO_H 1
| #define HAVE_SYS_UN_H 1
| #define HAVE_SYS_UTSNAME_H 1
| #define HAVE_SYS_WAIT_H 1
| #define HAVE_PTY_H 1
| #define HAVE_SYS_RESOURCE_H 1
| #define HAVE_NETPACKET_PACKET_H 1
| #define HAVE_SYSEXITS_H 1
| /* end confdefs.h.  */
| #include <bluetooth.h>
configure:8108: result: no
configure:8108: checking for bluetooth.h
configure:8108: result: no
configure:8108: checking linux/tipc.h usability
configure:8108: gcc -c   conftest.c >&5
configure:8108: $? = 0
configure:8108: result: yes
configure:8108: checking linux/tipc.h presence
configure:8108: gcc -E  conftest.c
configure:8108: $? = 0
configure:8108: result: yes
configure:8108: checking for linux/tipc.h
configure:8108: result: yes
configure:8108: checking linux/random.h usability
configure:8108: gcc -c   conftest.c >&5
configure:8108: $? = 0
configure:8108: result: yes
configure:8108: checking linux/random.h presence
configure:8108: gcc -E  conftest.c
configure:8108: $? = 0
configure:8108: result: yes
configure:8108: checking for linux/random.h
configure:8108: result: yes
configure:8108: checking spawn.h usability
configure:8108: gcc -c   conftest.c >&5
configure:8108: $? = 0
configure:8108: result: yes
configure:8108: checking spawn.h presence
configure:8108: gcc -E  conftest.c
configure:8108: $? = 0
configure:8108: result: yes
configure:8108: checking for spawn.h
configure:8108: result: yes
configure:8108: checking util.h usability
configure:8108: gcc -c   conftest.c >&5
conftest.c:101:18: fatal error: util.h: No such file or directory
 #include <util.h>
                  ^
compilation terminated.
configure:8108: $? = 1
configure: failed program was:
| /* confdefs.h */
| #define _GNU_SOURCE 1
| #define _NETBSD_SOURCE 1
| #define __BSD_VISIBLE 1
| #define _DARWIN_C_SOURCE 1
| #define _PYTHONFRAMEWORK ""
| #define _XOPEN_SOURCE 700
| #define _XOPEN_SOURCE_EXTENDED 1
| #define _POSIX_C_SOURCE 200809L
| #define STDC_HEADERS 1
| #define HAVE_SYS_TYPES_H 1
| #define HAVE_SYS_STAT_H 1
| #define HAVE_STDLIB_H 1
| #define HAVE_STRING_H 1
| #define HAVE_MEMORY_H 1
| #define HAVE_STRINGS_H 1
| #define HAVE_INTTYPES_H 1
| #define HAVE_STDINT_H 1
| #define HAVE_UNISTD_H 1
| #define __EXTENSIONS__ 1
| #define _ALL_SOURCE 1
| #define _GNU_SOURCE 1
| #define _POSIX_PTHREAD_SEMANTICS 1
| #define _TANDEM_SOURCE 1
| #define STDC_HEADERS 1
| #define HAVE_ASM_TYPES_H 1
| #define HAVE_CRYPT_H 1
| #define HAVE_DLFCN_H 1
| #define HAVE_ERRNO_H 1
| #define HAVE_FCNTL_H 1
| #define HAVE_GRP_H 1
| #define HAVE_LANGINFO_H 1
| #define HAVE_LIBINTL_H 1
| #define HAVE_PTHREAD_H 1
| #define HAVE_SCHED_H 1
| #define HAVE_SHADOW_H 1
| #define HAVE_SIGNAL_H 1
| #define HAVE_TERMIOS_H 1
| #define HAVE_UTIME_H 1
| #define HAVE_POLL_H 1
| #define HAVE_SYS_EPOLL_H 1
| #define HAVE_SYS_POLL_H 1
| #define HAVE_SYS_XATTR_H 1
| #define HAVE_SYS_FILE_H 1
| #define HAVE_SYS_IOCTL_H 1
| #define HAVE_SYS_PARAM_H 1
| #define HAVE_SYS_SELECT_H 1
| #define HAVE_SYS_SENDFILE_H 1
| #define HAVE_SYS_SOCKET_H 1
| #define HAVE_SYS_STATVFS_H 1
| #define HAVE_SYS_STAT_H 1
| #define HAVE_SYS_SYSCALL_H 1
| #define HAVE_SYS_TIME_H 1
| #define HAVE_SYS_TIMES_H 1
| #define HAVE_SYS_TYPES_H 1
| #define HAVE_SYS_UIO_H 1
| #define HAVE_SYS_UN_H 1
| #define HAVE_SYS_UTSNAME_H 1
| #define HAVE_SYS_WAIT_H 1
| #define HAVE_PTY_H 1
| #define HAVE_SYS_RESOURCE_H 1
| #define HAVE_NETPACKET_PACKET_H 1
| #define HAVE_SYSEXITS_H 1
| #define HAVE_LINUX_TIPC_H 1
| #define HAVE_LINUX_RANDOM_H 1
| #define HAVE_SPAWN_H 1
| /* end confdefs.h.  */
| #include <stdio.h>
| #ifdef HAVE_SYS_TYPES_H
| # include <sys/types.h>
| #endif
| #ifdef HAVE_SYS_STAT_H
| # include <sys/stat.h>
| #endif
| #ifdef STDC_HEADERS
| # include <stdlib.h>
| # include <stddef.h>
| #else
| # ifdef HAVE_STDLIB_H
| #  include <stdlib.h>
| # endif
| #endif
| #ifdef HAVE_STRING_H
| # if !defined STDC_HEADERS && defined HAVE_MEMORY_H
| #  include <memory.h>
| # endif
| # include <string.h>
| #endif
| #ifdef HAVE_STRINGS_H
| # include <strings.h>
| #endif
| #ifdef HAVE_INTTYPES_H
| # include <inttypes.h>
| #endif
| #ifdef HAVE_STDINT_H
| # include <stdint.h>
| #endif
| #ifdef HAVE_UNISTD_H
| # include <unistd.h>
| #endif
| #include <util.h>
configure:8108: result: no
configure:8108: checking util.h presence
configure:8108: gcc -E  conftest.c
conftest.c:68:18: fatal error: util.h: No such file or directory
 #include <util.h>
                  ^
compilation terminated.
configure:8108: $? = 1
configure: failed program was:
| /* confdefs.h */
| #define _GNU_SOURCE 1
| #define _NETBSD_SOURCE 1
| #define __BSD_VISIBLE 1
| #define _DARWIN_C_SOURCE 1
| #define _PYTHONFRAMEWORK ""
| #define _XOPEN_SOURCE 700
| #define _XOPEN_SOURCE_EXTENDED 1
| #define _POSIX_C_SOURCE 200809L
| #define STDC_HEADERS 1
| #define HAVE_SYS_TYPES_H 1
| #define HAVE_SYS_STAT_H 1
| #define HAVE_STDLIB_H 1
| #define HAVE_STRING_H 1
| #define HAVE_MEMORY_H 1
| #define HAVE_STRINGS_H 1
| #define HAVE_INTTYPES_H 1
| #define HAVE_STDINT_H 1
| #define HAVE_UNISTD_H 1
| #define __EXTENSIONS__ 1
| #define _ALL_SOURCE 1
| #define _GNU_SOURCE 1
| #define _POSIX_PTHREAD_SEMANTICS 1
| #define _TANDEM_SOURCE 1
| #define STDC_HEADERS 1
| #define HAVE_ASM_TYPES_H 1
| #define HAVE_CRYPT_H 1
| #define HAVE_DLFCN_H 1
| #define HAVE_ERRNO_H 1
| #define HAVE_FCNTL_H 1
| #define HAVE_GRP_H 1
| #define HAVE_LANGINFO_H 1
| #define HAVE_LIBINTL_H 1
| #define HAVE_PTHREAD_H 1
| #define HAVE_SCHED_H 1
| #define HAVE_SHADOW_H 1
| #define HAVE_SIGNAL_H 1
| #define HAVE_TERMIOS_H 1
| #define HAVE_UTIME_H 1
| #define HAVE_POLL_H 1
| #define HAVE_SYS_EPOLL_H 1
| #define HAVE_SYS_POLL_H 1
| #define HAVE_SYS_XATTR_H 1
| #define HAVE_SYS_FILE_H 1
| #define HAVE_SYS_IOCTL_H 1
| #define HAVE_SYS_PARAM_H 1
| #define HAVE_SYS_SELECT_H 1
| #define HAVE_SYS_SENDFILE_H 1
| #define HAVE_SYS_SOCKET_H 1
| #define HAVE_SYS_STATVFS_H 1
| #define HAVE_SYS_STAT_H 1
| #define HAVE_SYS_SYSCALL_H 1
| #define HAVE_SYS_TIME_H 1
| #define HAVE_SYS_TIMES_H 1
| #define HAVE_SYS_TYPES_H 1
| #define HAVE_SYS_UIO_H 1
| #define HAVE_SYS_UN_H 1
| #define HAVE_SYS_UTSNAME_H 1
| #define HAVE_SYS_WAIT_H 1
| #define HAVE_PTY_H 1
| #define HAVE_SYS_RESOURCE_H 1
| #define HAVE_NETPACKET_PACKET_H 1
| #define HAVE_SYSEXITS_H 1
| #define HAVE_LINUX_TIPC_H 1
| #define HAVE_LINUX_RANDOM_H 1
| #define HAVE_SPAWN_H 1
| /* end confdefs.h.  */
| #include <util.h>
configure:8108: result: no
configure:8108: checking for util.h
configure:8108: result: no
configure:8108: checking alloca.h usability
configure:8108: gcc -c   conftest.c >&5
configure:8108: $? = 0
configure:8108: result: yes
configure:8108: checking alloca.h presence
configure:8108: gcc -E  conftest.c
configure:8108: $? = 0
configure:8108: result: yes
configure:8108: checking for alloca.h
configure:8108: result: yes
configure:8108: checking endian.h usability
configure:8108: gcc -c   conftest.c >&5
configure:8108: $? = 0
configure:8108: result: yes
configure:8108: checking endian.h presence
configure:8108: gcc -E  conftest.c
configure:8108: $? = 0
configure:8108: result: yes
configure:8108: checking for endian.h
configure:8108: result: yes
configure:8108: checking sys/endian.h usability
configure:8108: gcc -c   conftest.c >&5
conftest.c:103:24: fatal error: sys/endian.h: No such file or directory
 #include <sys/endian.h>
                        ^
compilation terminated.
configure:8108: $? = 1
configure: failed program was:
| /* confdefs.h */
| #define _GNU_SOURCE 1
| #define _NETBSD_SOURCE 1
| #define __BSD_VISIBLE 1
| #define _DARWIN_C_SOURCE 1
| #define _PYTHONFRAMEWORK ""
| #define _XOPEN_SOURCE 700
| #define _XOPEN_SOURCE_EXTENDED 1
| #define _POSIX_C_SOURCE 200809L
| #define STDC_HEADERS 1
| #define HAVE_SYS_TYPES_H 1
| #define HAVE_SYS_STAT_H 1
| #define HAVE_STDLIB_H 1
| #define HAVE_STRING_H 1
| #define HAVE_MEMORY_H 1
| #define HAVE_STRINGS_H 1
| #define HAVE_INTTYPES_H 1
| #define HAVE_STDINT_H 1
| #define HAVE_UNISTD_H 1
| #define __EXTENSIONS__ 1
| #define _ALL_SOURCE 1
| #define _GNU_SOURCE 1
| #define _POSIX_PTHREAD_SEMANTICS 1
| #define _TANDEM_SOURCE 1
| #define STDC_HEADERS 1
| #define HAVE_ASM_TYPES_H 1
| #define HAVE_CRYPT_H 1
| #define HAVE_DLFCN_H 1
| #define HAVE_ERRNO_H 1
| #define HAVE_FCNTL_H 1
| #define HAVE_GRP_H 1
| #define HAVE_LANGINFO_H 1
| #define HAVE_LIBINTL_H 1
| #define HAVE_PTHREAD_H 1
| #define HAVE_SCHED_H 1
| #define HAVE_SHADOW_H 1
| #define HAVE_SIGNAL_H 1
| #define HAVE_TERMIOS_H 1
| #define HAVE_UTIME_H 1
| #define HAVE_POLL_H 1
| #define HAVE_SYS_EPOLL_H 1
| #define HAVE_SYS_POLL_H 1
| #define HAVE_SYS_XATTR_H 1
| #define HAVE_SYS_FILE_H 1
| #define HAVE_SYS_IOCTL_H 1
| #define HAVE_SYS_PARAM_H 1
| #define HAVE_SYS_SELECT_H 1
| #define HAVE_SYS_SENDFILE_H 1
| #define HAVE_SYS_SOCKET_H 1
| #define HAVE_SYS_STATVFS_H 1
| #define HAVE_SYS_STAT_H 1
| #define HAVE_SYS_SYSCALL_H 1
| #define HAVE_SYS_TIME_H 1
| #define HAVE_SYS_TIMES_H 1
| #define HAVE_SYS_TYPES_H 1
| #define HAVE_SYS_UIO_H 1
| #define HAVE_SYS_UN_H 1
| #define HAVE_SYS_UTSNAME_H 1
| #define HAVE_SYS_WAIT_H 1
| #define HAVE_PTY_H 1
| #define HAVE_SYS_RESOURCE_H 1
| #define HAVE_NETPACKET_PACKET_H 1
| #define HAVE_SYSEXITS_H 1
| #define HAVE_LINUX_TIPC_H 1
| #define HAVE_LINUX_RANDOM_H 1
| #define HAVE_SPAWN_H 1
| #define HAVE_ALLOCA_H 1
| #define HAVE_ENDIAN_H 1
| /* end confdefs.h.  */
| #include <stdio.h>
| #ifdef HAVE_SYS_TYPES_H
| # include <sys/types.h>
| #endif
| #ifdef HAVE_SYS_STAT_H
| # include <sys/stat.h>
| #endif
| #ifdef STDC_HEADERS
| # include <stdlib.h>
| # include <stddef.h>
| #else
| # ifdef HAVE_STDLIB_H
| #  include <stdlib.h>
| # endif
| #endif
| #ifdef HAVE_STRING_H
| # if !defined STDC_HEADERS && defined HAVE_MEMORY_H
| #  include <memory.h>
| # endif
| # include <string.h>
| #endif
| #ifdef HAVE_STRINGS_H
| # include <strings.h>
| #endif
| #ifdef HAVE_INTTYPES_H
| # include <inttypes.h>
| #endif
| #ifdef HAVE_STDINT_H
| # include <stdint.h>
| #endif
| #ifdef HAVE_UNISTD_H
| # include <unistd.h>
| #endif
| #include <sys/endian.h>
configure:8108: result: no
configure:8108: checking sys/endian.h presence
configure:8108: gcc -E  conftest.c
conftest.c:70:24: fatal error: sys/endian.h: No such file or directory
 #include <sys/endian.h>
                        ^
compilation terminated.
configure:8108: $? = 1
configure: failed program was:
| /* confdefs.h */
| #define _GNU_SOURCE 1
| #define _NETBSD_SOURCE 1
| #define __BSD_VISIBLE 1
| #define _DARWIN_C_SOURCE 1
| #define _PYTHONFRAMEWORK ""
| #define _XOPEN_SOURCE 700
| #define _XOPEN_SOURCE_EXTENDED 1
| #define _POSIX_C_SOURCE 200809L
| #define STDC_HEADERS 1
| #define HAVE_SYS_TYPES_H 1
| #define HAVE_SYS_STAT_H 1
| #define HAVE_STDLIB_H 1
| #define HAVE_STRING_H 1
| #define HAVE_MEMORY_H 1
| #define HAVE_STRINGS_H 1
| #define HAVE_INTTYPES_H 1
| #define HAVE_STDINT_H 1
| #define HAVE_UNISTD_H 1
| #define __EXTENSIONS__ 1
| #define _ALL_SOURCE 1
| #define _GNU_SOURCE 1
| #define _POSIX_PTHREAD_SEMANTICS 1
| #define _TANDEM_SOURCE 1
| #define STDC_HEADERS 1
| #define HAVE_ASM_TYPES_H 1
| #define HAVE_CRYPT_H 1
| #define HAVE_DLFCN_H 1
| #define HAVE_ERRNO_H 1
| #define HAVE_FCNTL_H 1
| #define HAVE_GRP_H 1
| #define HAVE_LANGINFO_H 1
| #define HAVE_LIBINTL_H 1
| #define HAVE_PTHREAD_H 1
| #define HAVE_SCHED_H 1
| #define HAVE_SHADOW_H 1
| #define HAVE_SIGNAL_H 1
| #define HAVE_TERMIOS_H 1
| #define HAVE_UTIME_H 1
| #define HAVE_POLL_H 1
| #define HAVE_SYS_EPOLL_H 1
| #define HAVE_SYS_POLL_H 1
| #define HAVE_SYS_XATTR_H 1
| #define HAVE_SYS_FILE_H 1
| #define HAVE_SYS_IOCTL_H 1
| #define HAVE_SYS_PARAM_H 1
| #define HAVE_SYS_SELECT_H 1
| #define HAVE_SYS_SENDFILE_H 1
| #define HAVE_SYS_SOCKET_H 1
| #define HAVE_SYS_STATVFS_H 1
| #define HAVE_SYS_STAT_H 1
| #define HAVE_SYS_SYSCALL_H 1
| #define HAVE_SYS_TIME_H 1
| #define HAVE_SYS_TIMES_H 1
| #define HAVE_SYS_TYPES_H 1
| #define HAVE_SYS_UIO_H 1
| #define HAVE_SYS_UN_H 1
| #define HAVE_SYS_UTSNAME_H 1
| #define HAVE_SYS_WAIT_H 1
| #define HAVE_PTY_H 1
| #define HAVE_SYS_RESOURCE_H 1
| #define HAVE_NETPACKET_PACKET_H 1
| #define HAVE_SYSEXITS_H 1
| #define HAVE_LINUX_TIPC_H 1
| #define HAVE_LINUX_RANDOM_H 1
| #define HAVE_SPAWN_H 1
| #define HAVE_ALLOCA_H 1
| #define HAVE_ENDIAN_H 1
| /* end confdefs.h.  */
| #include <sys/endian.h>
configure:8108: result: no
configure:8108: checking for sys/endian.h
configure:8108: result: no
configure:8108: checking sys/sysmacros.h usability
configure:8108: gcc -c   conftest.c >&5
configure:8108: $? = 0
configure:8108: result: yes
configure:8108: checking sys/sysmacros.h presence
configure:8108: gcc -E  conftest.c
configure:8108: $? = 0
configure:8108: result: yes
configure:8108: checking for sys/sysmacros.h
configure:8108: result: yes
configure:8108: checking linux/auxvec.h usability
configure:8108: gcc -c   conftest.c >&5
configure:8108: $? = 0
configure:8108: result: yes
configure:8108: checking linux/auxvec.h presence
configure:8108: gcc -E  conftest.c
configure:8108: $? = 0
configure:8108: result: yes
configure:8108: checking for linux/auxvec.h
configure:8108: result: yes
configure:8108: checking sys/auxv.h usability
configure:8108: gcc -c   conftest.c >&5
configure:8108: $? = 0
configure:8108: result: yes
configure:8108: checking sys/auxv.h presence
configure:8108: gcc -E  conftest.c
configure:8108: $? = 0
configure:8108: result: yes
configure:8108: checking for sys/auxv.h
configure:8108: result: yes
configure:8108: checking linux/memfd.h usability
configure:8108: gcc -c   conftest.c >&5
configure:8108: $? = 0
configure:8108: result: yes
configure:8108: checking linux/memfd.h presence
configure:8108: gcc -E  conftest.c
configure:8108: $? = 0
configure:8108: result: yes
configure:8108: checking for linux/memfd.h
configure:8108: result: yes
configure:8108: checking linux/wait.h usability
configure:8108: gcc -c   conftest.c >&5
configure:8108: $? = 0
configure:8108: result: yes
configure:8108: checking linux/wait.h presence
configure:8108: gcc -E  conftest.c
configure:8108: $? = 0
configure:8108: result: yes
configure:8108: checking for linux/wait.h
configure:8108: result: yes
configure:8108: checking sys/memfd.h usability
configure:8108: gcc -c   conftest.c >&5
conftest.c:108:23: fatal error: sys/memfd.h: No such file or directory
 #include <sys/memfd.h>
                       ^
compilation terminated.
configure:8108: $? = 1
configure: failed program was:
| /* confdefs.h */
| #define _GNU_SOURCE 1
| #define _NETBSD_SOURCE 1
| #define __BSD_VISIBLE 1
| #define _DARWIN_C_SOURCE 1
| #define _PYTHONFRAMEWORK ""
| #define _XOPEN_SOURCE 700
| #define _XOPEN_SOURCE_EXTENDED 1
| #define _POSIX_C_SOURCE 200809L
| #define STDC_HEADERS 1
| #define HAVE_SYS_TYPES_H 1
| #define HAVE_SYS_STAT_H 1
| #define HAVE_STDLIB_H 1
| #define HAVE_STRING_H 1
| #define HAVE_MEMORY_H 1
| #define HAVE_STRINGS_H 1
| #define HAVE_INTTYPES_H 1
| #define HAVE_STDINT_H 1
| #define HAVE_UNISTD_H 1
| #define __EXTENSIONS__ 1
| #define _ALL_SOURCE 1
| #define _GNU_SOURCE 1
| #define _POSIX_PTHREAD_SEMANTICS 1
| #define _TANDEM_SOURCE 1
| #define STDC_HEADERS 1
| #define HAVE_ASM_TYPES_H 1
| #define HAVE_CRYPT_H 1
| #define HAVE_DLFCN_H 1
| #define HAVE_ERRNO_H 1
| #define HAVE_FCNTL_H 1
| #define HAVE_GRP_H 1
| #define HAVE_LANGINFO_H 1
| #define HAVE_LIBINTL_H 1
| #define HAVE_PTHREAD_H 1
| #define HAVE_SCHED_H 1
| #define HAVE_SHADOW_H 1
| #define HAVE_SIGNAL_H 1
| #define HAVE_TERMIOS_H 1
| #define HAVE_UTIME_H 1
| #define HAVE_POLL_H 1
| #define HAVE_SYS_EPOLL_H 1
| #define HAVE_SYS_POLL_H 1
| #define HAVE_SYS_XATTR_H 1
| #define HAVE_SYS_FILE_H 1
| #define HAVE_SYS_IOCTL_H 1
| #define HAVE_SYS_PARAM_H 1
| #define HAVE_SYS_SELECT_H 1
| #define HAVE_SYS_SENDFILE_H 1
| #define HAVE_SYS_SOCKET_H 1
| #define HAVE_SYS_STATVFS_H 1
| #define HAVE_SYS_STAT_H 1
| #define HAVE_SYS_SYSCALL_H 1
| #define HAVE_SYS_TIME_H 1
| #define HAVE_SYS_TIMES_H 1
| #define HAVE_SYS_TYPES_H 1
| #define HAVE_SYS_UIO_H 1
| #define HAVE_SYS_UN_H 1
| #define HAVE_SYS_UTSNAME_H 1
| #define HAVE_SYS_WAIT_H 1
| #define HAVE_PTY_H 1
| #define HAVE_SYS_RESOURCE_H 1
| #define HAVE_NETPACKET_PACKET_H 1
| #define HAVE_SYSEXITS_H 1
| #define HAVE_LINUX_TIPC_H 1
| #define HAVE_LINUX_RANDOM_H 1
| #define HAVE_SPAWN_H 1
| #define HAVE_ALLOCA_H 1
| #define HAVE_ENDIAN_H 1
| #define HAVE_SYS_SYSMACROS_H 1
| #define HAVE_LINUX_AUXVEC_H 1
| #define HAVE_SYS_AUXV_H 1
| #define HAVE_LINUX_MEMFD_H 1
| #define HAVE_LINUX_WAIT_H 1
| /* end confdefs.h.  */
| #include <stdio.h>
| #ifdef HAVE_SYS_TYPES_H
| # include <sys/types.h>
| #endif
| #ifdef HAVE_SYS_STAT_H
| # include <sys/stat.h>
| #endif
| #ifdef STDC_HEADERS
| # include <stdlib.h>
| # include <stddef.h>
| #else
| # ifdef HAVE_STDLIB_H
| #  include <stdlib.h>
| # endif
| #endif
| #ifdef HAVE_STRING_H
| # if !defined STDC_HEADERS && defined HAVE_MEMORY_H
| #  include <memory.h>
| # endif
| # include <string.h>
| #endif
| #ifdef HAVE_STRINGS_H
| # include <strings.h>
| #endif
| #ifdef HAVE_INTTYPES_H
| # include <inttypes.h>
| #endif
| #ifdef HAVE_STDINT_H
| # include <stdint.h>
| #endif
| #ifdef HAVE_UNISTD_H
| # include <unistd.h>
| #endif
| #include <sys/memfd.h>
configure:8108: result: no
configure:8108: checking sys/memfd.h presence
configure:8108: gcc -E  conftest.c
conftest.c:75:23: fatal error: sys/memfd.h: No such file or directory
 #include <sys/memfd.h>
                       ^
compilation terminated.
configure:8108: $? = 1
configure: failed program was:
| /* confdefs.h */
| #define _GNU_SOURCE 1
| #define _NETBSD_SOURCE 1
| #define __BSD_VISIBLE 1
| #define _DARWIN_C_SOURCE 1
| #define _PYTHONFRAMEWORK ""
| #define _XOPEN_SOURCE 700
| #define _XOPEN_SOURCE_EXTENDED 1
| #define _POSIX_C_SOURCE 200809L
| #define STDC_HEADERS 1
| #define HAVE_SYS_TYPES_H 1
| #define HAVE_SYS_STAT_H 1
| #define HAVE_STDLIB_H 1
| #define HAVE_STRING_H 1
| #define HAVE_MEMORY_H 1
| #define HAVE_STRINGS_H 1
| #define HAVE_INTTYPES_H 1
| #define HAVE_STDINT_H 1
| #define HAVE_UNISTD_H 1
| #define __EXTENSIONS__ 1
| #define _ALL_SOURCE 1
| #define _GNU_SOURCE 1
| #define _POSIX_PTHREAD_SEMANTICS 1
| #define _TANDEM_SOURCE 1
| #define STDC_HEADERS 1
| #define HAVE_ASM_TYPES_H 1
| #define HAVE_CRYPT_H 1
| #define HAVE_DLFCN_H 1
| #define HAVE_ERRNO_H 1
| #define HAVE_FCNTL_H 1
| #define HAVE_GRP_H 1
| #define HAVE_LANGINFO_H 1
| #define HAVE_LIBINTL_H 1
| #define HAVE_PTHREAD_H 1
| #define HAVE_SCHED_H 1
| #define HAVE_SHADOW_H 1
| #define HAVE_SIGNAL_H 1
| #define HAVE_TERMIOS_H 1
| #define HAVE_UTIME_H 1
| #define HAVE_POLL_H 1
| #define HAVE_SYS_EPOLL_H 1
| #define HAVE_SYS_POLL_H 1
| #define HAVE_SYS_XATTR_H 1
| #define HAVE_SYS_FILE_H 1
| #define HAVE_SYS_IOCTL_H 1
| #define HAVE_SYS_PARAM_H 1
| #define HAVE_SYS_SELECT_H 1
| #define HAVE_SYS_SENDFILE_H 1
| #define HAVE_SYS_SOCKET_H 1
| #define HAVE_SYS_STATVFS_H 1
| #define HAVE_SYS_STAT_H 1
| #define HAVE_SYS_SYSCALL_H 1
| #define HAVE_SYS_TIME_H 1
| #define HAVE_SYS_TIMES_H 1
| #define HAVE_SYS_TYPES_H 1
| #define HAVE_SYS_UIO_H 1
| #define HAVE_SYS_UN_H 1
| #define HAVE_SYS_UTSNAME_H 1
| #define HAVE_SYS_WAIT_H 1
| #define HAVE_PTY_H 1
| #define HAVE_SYS_RESOURCE_H 1
| #define HAVE_NETPACKET_PACKET_H 1
| #define HAVE_SYSEXITS_H 1
| #define HAVE_LINUX_TIPC_H 1
| #define HAVE_LINUX_RANDOM_H 1
| #define HAVE_SPAWN_H 1
| #define HAVE_ALLOCA_H 1
| #define HAVE_ENDIAN_H 1
| #define HAVE_SYS_SYSMACROS_H 1
| #define HAVE_LINUX_AUXVEC_H 1
| #define HAVE_SYS_AUXV_H 1
| #define HAVE_LINUX_MEMFD_H 1
| #define HAVE_LINUX_WAIT_H 1
| /* end confdefs.h.  */
| #include <sys/memfd.h>
configure:8108: result: no
configure:8108: checking for sys/memfd.h
configure:8108: result: no
configure:8108: checking sys/mman.h usability
configure:8108: gcc -c   conftest.c >&5
configure:8108: $? = 0
configure:8108: result: yes
configure:8108: checking sys/mman.h presence
configure:8108: gcc -E  conftest.c
configure:8108: $? = 0
configure:8108: result: yes
configure:8108: checking for sys/mman.h
configure:8108: result: yes
configure:8108: checking sys/eventfd.h usability
configure:8108: gcc -c   conftest.c >&5
configure:8108: $? = 0
configure:8108: result: yes
configure:8108: checking sys/eventfd.h presence
configure:8108: gcc -E  conftest.c
configure:8108: $? = 0
configure:8108: result: yes
configure:8108: checking for sys/eventfd.h
configure:8108: result: yes
configure:8121: checking for dirent.h that defines DIR
configure:8140: gcc -c   conftest.c >&5
configure:8140: $? = 0
configure:8148: result: yes
configure:8161: checking for library containing opendir
configure:8192: gcc -o conftest    conftest.c  >&5
configure:8192: $? = 0
configure:8209: result: none required
configure:8276: checking whether sys/types.h defines makedev
configure:8292: gcc -o conftest    conftest.c  >&5
configure:8292: $? = 0
configure:8301: result: yes
configure:8333: checking bluetooth/bluetooth.h usability
configure:8333: gcc -c -std=c99   conftest.c >&5
conftest.c:111:33: fatal error: bluetooth/bluetooth.h: No such file or directory
 #include <bluetooth/bluetooth.h>
                                 ^
compilation terminated.
configure:8333: $? = 1
configure: failed program was:
| /* confdefs.h */
| #define _GNU_SOURCE 1
| #define _NETBSD_SOURCE 1
| #define __BSD_VISIBLE 1
| #define _DARWIN_C_SOURCE 1
| #define _PYTHONFRAMEWORK ""
| #define _XOPEN_SOURCE 700
| #define _XOPEN_SOURCE_EXTENDED 1
| #define _POSIX_C_SOURCE 200809L
| #define STDC_HEADERS 1
| #define HAVE_SYS_TYPES_H 1
| #define HAVE_SYS_STAT_H 1
| #define HAVE_STDLIB_H 1
| #define HAVE_STRING_H 1
| #define HAVE_MEMORY_H 1
| #define HAVE_STRINGS_H 1
| #define HAVE_INTTYPES_H 1
| #define HAVE_STDINT_H 1
| #define HAVE_UNISTD_H 1
| #define __EXTENSIONS__ 1
| #define _ALL_SOURCE 1
| #define _GNU_SOURCE 1
| #define _POSIX_PTHREAD_SEMANTICS 1
| #define _TANDEM_SOURCE 1
| #define STDC_HEADERS 1
| #define HAVE_ASM_TYPES_H 1
| #define HAVE_CRYPT_H 1
| #define HAVE_DLFCN_H 1
| #define HAVE_ERRNO_H 1
| #define HAVE_FCNTL_H 1
| #define HAVE_GRP_H 1
| #define HAVE_LANGINFO_H 1
| #define HAVE_LIBINTL_H 1
| #define HAVE_PTHREAD_H 1
| #define HAVE_SCHED_H 1
| #define HAVE_SHADOW_H 1
| #define HAVE_SIGNAL_H 1
| #define HAVE_TERMIOS_H 1
| #define HAVE_UTIME_H 1
| #define HAVE_POLL_H 1
| #define HAVE_SYS_EPOLL_H 1
| #define HAVE_SYS_POLL_H 1
| #define HAVE_SYS_XATTR_H 1
| #define HAVE_SYS_FILE_H 1
| #define HAVE_SYS_IOCTL_H 1
| #define HAVE_SYS_PARAM_H 1
| #define HAVE_SYS_SELECT_H 1
| #define HAVE_SYS_SENDFILE_H 1
| #define HAVE_SYS_SOCKET_H 1
| #define HAVE_SYS_STATVFS_H 1
| #define HAVE_SYS_STAT_H 1
| #define HAVE_SYS_SYSCALL_H 1
| #define HAVE_SYS_TIME_H 1
| #define HAVE_SYS_TIMES_H 1
| #define HAVE_SYS_TYPES_H 1
| #define HAVE_SYS_UIO_H 1
| #define HAVE_SYS_UN_H 1
| #define HAVE_SYS_UTSNAME_H 1
| #define HAVE_SYS_WAIT_H 1
| #define HAVE_PTY_H 1
| #define HAVE_SYS_RESOURCE_H 1
| #define HAVE_NETPACKET_PACKET_H 1
| #define HAVE_SYSEXITS_H 1
| #define HAVE_LINUX_TIPC_H 1
| #define HAVE_LINUX_RANDOM_H 1
| #define HAVE_SPAWN_H 1
| #define HAVE_ALLOCA_H 1
| #define HAVE_ENDIAN_H 1
| #define HAVE_SYS_SYSMACROS_H 1
| #define HAVE_LINUX_AUXVEC_H 1
| #define HAVE_SYS_AUXV_H 1
| #define HAVE_LINUX_MEMFD_H 1
| #define HAVE_LINUX_WAIT_H 1
| #define HAVE_SYS_MMAN_H 1
| #define HAVE_SYS_EVENTFD_H 1
| #define HAVE_DIRENT_H 1
| /* end confdefs.h.  */
| #include <stdio.h>
| #ifdef HAVE_SYS_TYPES_H
| # include <sys/types.h>
| #endif
| #ifdef HAVE_SYS_STAT_H
| # include <sys/stat.h>
| #endif
| #ifdef STDC_HEADERS
| # include <stdlib.h>
| # include <stddef.h>
| #else
| # ifdef HAVE_STDLIB_H
| #  include <stdlib.h>
| # endif
| #endif
| #ifdef HAVE_STRING_H
| # if !defined STDC_HEADERS && defined HAVE_MEMORY_H
| #  include <memory.h>
| # endif
| # include <string.h>
| #endif
| #ifdef HAVE_STRINGS_H
| # include <strings.h>
| #endif
| #ifdef HAVE_INTTYPES_H
| # include <inttypes.h>
| #endif
| #ifdef HAVE_STDINT_H
| # include <stdint.h>
| #endif
| #ifdef HAVE_UNISTD_H
| # include <unistd.h>
| #endif
| #include <bluetooth/bluetooth.h>
configure:8333: result: no
configure:8333: checking bluetooth/bluetooth.h presence
configure:8333: gcc -E  conftest.c
conftest.c:78:33: fatal error: bluetooth/bluetooth.h: No such file or directory
 #include <bluetooth/bluetooth.h>
                                 ^
compilation terminated.
configure:8333: $? = 1
configure: failed program was:
| /* confdefs.h */
| #define _GNU_SOURCE 1
| #define _NETBSD_SOURCE 1
| #define __BSD_VISIBLE 1
| #define _DARWIN_C_SOURCE 1
| #define _PYTHONFRAMEWORK ""
| #define _XOPEN_SOURCE 700
| #define _XOPEN_SOURCE_EXTENDED 1
| #define _POSIX_C_SOURCE 200809L
| #define STDC_HEADERS 1
| #define HAVE_SYS_TYPES_H 1
| #define HAVE_SYS_STAT_H 1
| #define HAVE_STDLIB_H 1
| #define HAVE_STRING_H 1
| #define HAVE_MEMORY_H 1
| #define HAVE_STRINGS_H 1
| #define HAVE_INTTYPES_H 1
| #define HAVE_STDINT_H 1
| #define HAVE_UNISTD_H 1
| #define __EXTENSIONS__ 1
| #define _ALL_SOURCE 1
| #define _GNU_SOURCE 1
| #define _POSIX_PTHREAD_SEMANTICS 1
| #define _TANDEM_SOURCE 1
| #define STDC_HEADERS 1
| #define HAVE_ASM_TYPES_H 1
| #define HAVE_CRYPT_H 1
| #define HAVE_DLFCN_H 1
| #define HAVE_ERRNO_H 1
| #define HAVE_FCNTL_H 1
| #define HAVE_GRP_H 1
| #define HAVE_LANGINFO_H 1
| #define HAVE_LIBINTL_H 1
| #define HAVE_PTHREAD_H 1
| #define HAVE_SCHED_H 1
| #define HAVE_SHADOW_H 1
| #define HAVE_SIGNAL_H 1
| #define HAVE_TERMIOS_H 1
| #define HAVE_UTIME_H 1
| #define HAVE_POLL_H 1
| #define HAVE_SYS_EPOLL_H 1
| #define HAVE_SYS_POLL_H 1
| #define HAVE_SYS_XATTR_H 1
| #define HAVE_SYS_FILE_H 1
| #define HAVE_SYS_IOCTL_H 1
| #define HAVE_SYS_PARAM_H 1
| #define HAVE_SYS_SELECT_H 1
| #define HAVE_SYS_SENDFILE_H 1
| #define HAVE_SYS_SOCKET_H 1
| #define HAVE_SYS_STATVFS_H 1
| #define HAVE_SYS_STAT_H 1
| #define HAVE_SYS_SYSCALL_H 1
| #define HAVE_SYS_TIME_H 1
| #define HAVE_SYS_TIMES_H 1
| #define HAVE_SYS_TYPES_H 1
| #define HAVE_SYS_UIO_H 1
| #define HAVE_SYS_UN_H 1
| #define HAVE_SYS_UTSNAME_H 1
| #define HAVE_SYS_WAIT_H 1
| #define HAVE_PTY_H 1
| #define HAVE_SYS_RESOURCE_H 1
| #define HAVE_NETPACKET_PACKET_H 1
| #define HAVE_SYSEXITS_H 1
| #define HAVE_LINUX_TIPC_H 1
| #define HAVE_LINUX_RANDOM_H 1
| #define HAVE_SPAWN_H 1
| #define HAVE_ALLOCA_H 1
| #define HAVE_ENDIAN_H 1
| #define HAVE_SYS_SYSMACROS_H 1
| #define HAVE_LINUX_AUXVEC_H 1
| #define HAVE_SYS_AUXV_H 1
| #define HAVE_LINUX_MEMFD_H 1
| #define HAVE_LINUX_WAIT_H 1
| #define HAVE_SYS_MMAN_H 1
| #define HAVE_SYS_EVENTFD_H 1
| #define HAVE_DIRENT_H 1
| /* end confdefs.h.  */
| #include <bluetooth/bluetooth.h>
configure:8333: result: no
configure:8333: checking for bluetooth/bluetooth.h
configure:8333: result: no
configure:8348: checking for net/if.h
configure:8348: gcc -c   conftest.c >&5
configure:8348: $? = 0
configure:8348: result: yes
configure:8375: checking for linux/netlink.h
configure:8375: gcc -c   conftest.c >&5
configure:8375: $? = 0
configure:8375: result: yes
configure:8397: checking for linux/qrtr.h
configure:8397: gcc -c   conftest.c >&5
conftest.c:89:24: fatal error: linux/qrtr.h: No such file or directory
 #include <linux/qrtr.h>
                        ^
compilation terminated.

## ---------------- ##
## Cache variables. ##
## ---------------- ##

ac_cv_build=x86_64-pc-linux-gnu
ac_cv_c_compiler_gnu=yes
ac_cv_cxx_thread=yes
ac_cv_disable_missing_field_initializers=yes
ac_cv_disable_unused_parameter_warning=yes
ac_cv_disable_unused_result_warning=yes
ac_cv_enable_implicit_function_declaration_error=yes
ac_cv_enable_sign_compare_warning=yes
ac_cv_enable_strict_prototypes_warning=no
ac_cv_enable_unreachable_code_warning=no
ac_cv_enable_visibility=yes
ac_cv_env_CC_set=
ac_cv_env_CC_value=
ac_cv_env_CFLAGS_set=
ac_cv_env_CFLAGS_value=
ac_cv_env_CPPFLAGS_set=
ac_cv_env_CPPFLAGS_value=
ac_cv_env_CPP_set=
ac_cv_env_CPP_value=
ac_cv_env_LDFLAGS_set=
ac_cv_env_LDFLAGS_value=
ac_cv_env_LIBS_set=
ac_cv_env_LIBS_value=
ac_cv_env_MACHDEP_set=
ac_cv_env_MACHDEP_value=
ac_cv_env_PKG_CONFIG_LIBDIR_set=
ac_cv_env_PKG_CONFIG_LIBDIR_value=
ac_cv_env_PKG_CONFIG_PATH_set=
ac_cv_env_PKG_CONFIG_PATH_value=
ac_cv_env_PKG_CONFIG_set=
ac_cv_env_PKG_CONFIG_value=
ac_cv_env_PROFILE_TASK_set=
ac_cv_env_PROFILE_TASK_value=
ac_cv_env_build_alias_set=
ac_cv_env_build_alias_value=
ac_cv_env_host_alias_set=
ac_cv_env_host_alias_value=
ac_cv_env_target_alias_set=
ac_cv_env_target_alias_value=
ac_cv_extra_warnings=yes
ac_cv_header_alloca_h=yes
ac_cv_header_asm_types_h=yes
ac_cv_header_bluetooth_bluetooth_h=no
ac_cv_header_bluetooth_h=no
ac_cv_header_conio_h=no
ac_cv_header_crypt_h=yes
ac_cv_header_direct_h=no
ac_cv_header_dirent_dirent_h=yes
ac_cv_header_dlfcn_h=yes
ac_cv_header_endian_h=yes
ac_cv_header_errno_h=yes
ac_cv_header_fcntl_h=yes
ac_cv_header_grp_h=yes
ac_cv_header_ieeefp_h=no
ac_cv_header_inttypes_h=yes
ac_cv_header_io_h=no
ac_cv_header_langinfo_h=yes
ac_cv_header_libintl_h=yes
ac_cv_header_libutil_h=no
ac_cv_header_linux_auxvec_h=yes
ac_cv_header_linux_memfd_h=yes
ac_cv_header_linux_netlink_h=yes
ac_cv_header_linux_random_h=yes
ac_cv_header_linux_tipc_h=yes
ac_cv_header_linux_wait_h=yes
ac_cv_header_memory_h=yes
ac_cv_header_minix_config_h=no
ac_cv_header_net_if_h=yes
ac_cv_header_netpacket_packet_h=yes
ac_cv_header_poll_h=yes
ac_cv_header_process_h=no
ac_cv_header_pthread_h=yes
ac_cv_header_pty_h=yes
ac_cv_header_sched_h=yes
ac_cv_header_shadow_h=yes
ac_cv_header_signal_h=yes
ac_cv_header_spawn_h=yes
ac_cv_header_stdc=yes
ac_cv_header_stdint_h=yes
ac_cv_header_stdlib_h=yes
ac_cv_header_string_h=yes
ac_cv_header_strings_h=yes
ac_cv_header_stropts_h=no
ac_cv_header_sys_audioio_h=no
ac_cv_header_sys_auxv_h=yes
ac_cv_header_sys_bsdtty_h=no
ac_cv_header_sys_devpoll_h=no
ac_cv_header_sys_endian_h=no
ac_cv_header_sys_epoll_h=yes
ac_cv_header_sys_event_h=no
ac_cv_header_sys_eventfd_h=yes
ac_cv_header_sys_file_h=yes
ac_cv_header_sys_ioctl_h=yes
ac_cv_header_sys_kern_control_h=no
ac_cv_header_sys_loadavg_h=no
ac_cv_header_sys_lock_h=no
ac_cv_header_sys_memfd_h=no
ac_cv_header_sys_mkdev_h=no
ac_cv_header_sys_mman_h=yes
ac_cv_header_sys_modem_h=no
ac_cv_header_sys_param_h=yes
ac_cv_header_sys_poll_h=yes
ac_cv_header_sys_random_h=no
ac_cv_header_sys_resource_h=yes
ac_cv_header_sys_select_h=yes
ac_cv_header_sys_sendfile_h=yes
ac_cv_header_sys_socket_h=yes
ac_cv_header_sys_stat_h=yes
ac_cv_header_sys_statvfs_h=yes
ac_cv_header_sys_sys_domain_h=no
ac_cv_header_sys_syscall_h=yes
ac_cv_header_sys_sysmacros_h=yes
ac_cv_header_sys_termio_h=no
ac_cv_header_sys_time_h=yes
ac_cv_header_sys_times_h=yes
ac_cv_header_sys_types_h=yes
ac_cv_header_sys_types_h_makedev=yes
ac_cv_header_sys_uio_h=yes
ac_cv_header_sys_un_h=yes
ac_cv_header_sys_utsname_h=yes
ac_cv_header_sys_wait_h=yes
ac_cv_header_sys_xattr_h=yes
ac_cv_header_sysexits_h=yes
ac_cv_header_termios_h=yes
ac_cv_header_unistd_h=yes
ac_cv_header_util_h=no
ac_cv_header_utime_h=yes
ac_cv_host=x86_64-pc-linux-gnu
ac_cv_kpthread=no
ac_cv_kthread=no
ac_cv_no_strict_aliasing=no
ac_cv_objext=o
ac_cv_path_EGREP='/bin/grep -E'
ac_cv_path_GREP=/bin/grep
ac_cv_path_SED=/bin/sed
ac_cv_path_install='/bin/install -c'
ac_cv_path_mkdir=/bin/mkdir
ac_cv_prog_CPP='gcc -E'
ac_cv_prog_PYTHON_FOR_REGEN=python3.10
ac_cv_prog_ac_ct_AR=ar
ac_cv_prog_ac_ct_CC=gcc
ac_cv_prog_ac_ct_READELF=readelf
ac_cv_prog_cc_c89=
ac_cv_prog_cc_g=yes
ac_cv_pthread=yes
ac_cv_pthread_is_default=no
ac_cv_safe_to_define___extensions__=yes
ac_cv_search_opendir='none required'
ax_cv_check_cflags___fno_semantic_interposition=no

## ----------------- ##
## Output variables. ##
## ----------------- ##

ABIFLAGS=''
ALT_SOABI=''
AR='ar'
ARCH_RUN_32BIT=''
ARFLAGS='rcs'
BASECFLAGS=' -Wno-unused-result -Wsign-compare'
BASECPPFLAGS=''
BINLIBDEST=''
BLDLIBRARY='$(LDLIBRARY)'
BLDSHARED=''
BUILDEXEEXT=''
CC='gcc'
CCSHARED=''
CFLAGS=''
CFLAGSFORSHARED=''
CFLAGS_ALIASING=''
CFLAGS_NODIST=' -std=c99 -Wextra -Wno-unused-result -Wno-unused-parameter -Wno-missing-field-initializers -Werror=implicit-function-declaration -fvisibility=hidden'
CONFIGURE_MACOSX_DEPLOYMENT_TARGET=''
CONFIG_ARGS=' '\''--enable-optimizations'\'''
CPP='gcc -E'
CPPFLAGS=''
CXX='g++'
DEFS=''
DEF_MAKE_ALL_RULE='profile-opt'
DEF_MAKE_RULE='build_all'
DFLAGS=''
DLINCLDIR=''
DLLLIBRARY=''
DTRACE=''
DTRACE_HEADERS=''
DTRACE_OBJS=''
DYNLOADFILE=''
ECHO_C=''
ECHO_N='-n'
ECHO_T=''
EGREP='/bin/grep -E'
ENSUREPIP=''
EXEEXT=''
EXPORTSFROM=''
EXPORTSYMS=''
EXPORT_MACOSX_DEPLOYMENT_TARGET='#'
EXT_SUFFIX=''
FRAMEWORKALTINSTALLFIRST=''
FRAMEWORKALTINSTALLLAST=''
FRAMEWORKINSTALLAPPSPREFIX=''
FRAMEWORKINSTALLFIRST=''
FRAMEWORKINSTALLLAST=''
FRAMEWORKPYTHONW=''
FRAMEWORKUNIXTOOLSPREFIX='/usr/local'
GITBRANCH=''
GITTAG=''
GITVERSION=''
GNULD='yes'
GREP='/bin/grep'
HAS_GIT='no-repository'
HAVE_GETHOSTBYNAME=''
HAVE_GETHOSTBYNAME_R=''
HAVE_GETHOSTBYNAME_R_3_ARG=''
HAVE_GETHOSTBYNAME_R_5_ARG=''
HAVE_GETHOSTBYNAME_R_6_ARG=''
INSTALL_DATA='${INSTALL} -m 644'
INSTALL_PROGRAM='${INSTALL}'
INSTALL_SCRIPT='${INSTALL}'
INSTSONAME='$(LDLIBRARY)'
LDCXXSHARED=''
LDFLAGS=''
LDFLAGS_NODIST=''
LDLIBRARY='libpython$(VERSION)$(ABIFLAGS).a'
LDLIBRARYDIR=''
LDSHARED=''
LDVERSION='3.10'
LIBC=''
LIBFFI_INCLUDEDIR=''
LIBM=''
LIBOBJS=''
LIBPL=''
LIBPYTHON=''
LIBRARY='libpython$(VERSION)$(ABIFLAGS).a'
LIBRARY_DEPS=''
LIBS=''
LIBTOOL_CRUFT=''
LINKCC='$(PURIFY) $(MAINCC)'
LINKFORSHARED=''
LIPO_32BIT_FLAGS=''
LIPO_INTEL64_FLAGS=''
LLVM_AR=''
LLVM_AR_FOUND=''
LLVM_PROFDATA=''\'''\'''
LLVM_PROF_ERR='no'
LLVM_PROF_FILE=''
LLVM_PROF_FOUND='not-found'
LLVM_PROF_MERGER='true'
LN='ln'
LTLIBOBJS=''
MACHDEP='linux'
MACHDEP_OBJS=''
MAINCC='$(CC)'
MKDIR_P='/bin/mkdir -p'
MULTIARCH='x86_64-linux-gnu'
MULTIARCH_CPPFLAGS='-DMULTIARCH=\"x86_64-linux-gnu\"'
NO_AS_NEEDED='-Wl,--no-as-needed'
OBJEXT='o'
OPENSSL_INCLUDES=''
OPENSSL_LDFLAGS=''
OPENSSL_LIBS=''
OPENSSL_RPATH=''
OPT='-DNDEBUG -g -fwrapv -O3 -Wall'
OTHER_LIBTOOL_OPT=''
PACKAGE_BUGREPORT='https://github.com/python/cpython/issues/'
PACKAGE_NAME='python'
PACKAGE_STRING='python 3.10'
PACKAGE_TARNAME='python'
PACKAGE_URL=''
PACKAGE_VERSION='3.10'
PATH_SEPARATOR=':'
PGO_PROF_GEN_FLAG='-fprofile-generate'
PGO_PROF_USE_FLAG='-fprofile-use -fprofile-correction'
PKG_CONFIG=''
PKG_CONFIG_LIBDIR=''
PKG_CONFIG_PATH=''
PLATFORM_TRIPLET='x86_64-linux-gnu'
PLATLIBDIR=''
PROFILE_TASK='-m test --pgo --timeout=$(TESTTIMEOUT)'
PY3LIBRARY=''
PYTHONFRAMEWORK=''
PYTHONFRAMEWORKDIR='no-framework'
PYTHONFRAMEWORKIDENTIFIER='org.python.python'
PYTHONFRAMEWORKINSTALLDIR=''
PYTHONFRAMEWORKPREFIX=''
PYTHON_FOR_BUILD='./$(BUILDPYTHON) -E'
PYTHON_FOR_REGEN='python3.10'
PY_ENABLE_SHARED='0'
READELF='readelf'
RUNSHARED=''
SED='/bin/sed'
SHELL='/bin/sh'
SHLIBS=''
SHLIB_SUFFIX=''
SOABI=''
SOVERSION='1.0'
SRCDIRS=''
STATIC_LIBPYTHON=''
TCLTK_INCLUDES=''
TCLTK_LIBS=''
TEST_MODULES=''
THREADHEADERS=''
TRUE=''
TZPATH=''
UNIVERSALSDK=''
UNIVERSAL_ARCH_FLAGS=''
VERSION='3.10'
WHEEL_PKG_DIR=''
_PYTHON_HOST_PLATFORM=''
ac_ct_AR='ar'
ac_ct_CC='gcc'
ac_ct_CXX=''
ac_ct_READELF='readelf'
bindir='${exec_prefix}/bin'
build='x86_64-pc-linux-gnu'
build_alias=''
build_cpu='x86_64'
build_os='linux-gnu'
build_vendor='pc'
datadir='${datarootdir}'
datarootdir='${prefix}/share'
docdir='${datarootdir}/doc/${PACKAGE_TARNAME}'
dvidir='${docdir}'
exec_prefix='NONE'
host='x86_64-pc-linux-gnu'
host_alias=''
host_cpu='x86_64'
host_os='linux-gnu'
host_vendor='pc'
htmldir='${docdir}'
includedir='${prefix}/include'
infodir='${datarootdir}/info'
libdir='${exec_prefix}/lib'
libexecdir='${exec_prefix}/libexec'
localedir='${datarootdir}/locale'
localstatedir='${prefix}/var'
mandir='${datarootdir}/man'
oldincludedir='/usr/include'
pdfdir='${docdir}'
prefix='NONE'
program_transform_name='s,x,x,'
psdir='${docdir}'
runstatedir='${localstatedir}/run'
sbindir='${exec_prefix}/sbin'
sharedstatedir='${prefix}/com'
sysconfdir='${prefix}/etc'
target_alias=''

## ----------- ##
## confdefs.h. ##
## ----------- ##

/* confdefs.h */
#define _GNU_SOURCE 1
#define _NETBSD_SOURCE 1
#define __BSD_VISIBLE 1
#define _DARWIN_C_SOURCE 1
#define _PYTHONFRAMEWORK ""
#define _XOPEN_SOURCE 700
#define _XOPEN_SOURCE_EXTENDED 1
#define _POSIX_C_SOURCE 200809L
#define STDC_HEADERS 1
#define HAVE_SYS_TYPES_H 1
#define HAVE_SYS_STAT_H 1
#define HAVE_STDLIB_H 1
#define HAVE_STRING_H 1
#define HAVE_MEMORY_H 1
#define HAVE_STRINGS_H 1
#define HAVE_INTTYPES_H 1
#define HAVE_STDINT_H 1
#define HAVE_UNISTD_H 1
#define __EXTENSIONS__ 1
#define _ALL_SOURCE 1
#define _GNU_SOURCE 1
#define _POSIX_PTHREAD_SEMANTICS 1
#define _TANDEM_SOURCE 1
#define STDC_HEADERS 1
#define HAVE_ASM_TYPES_H 1
#define HAVE_CRYPT_H 1
#define HAVE_DLFCN_H 1
#define HAVE_ERRNO_H 1
#define HAVE_FCNTL_H 1
#define HAVE_GRP_H 1
#define HAVE_LANGINFO_H 1
#define HAVE_LIBINTL_H 1
#define HAVE_PTHREAD_H 1
#define HAVE_SCHED_H 1
#define HAVE_SHADOW_H 1
#define HAVE_SIGNAL_H 1
#define HAVE_TERMIOS_H 1
#define HAVE_UTIME_H 1
#define HAVE_POLL_H 1
#define HAVE_SYS_EPOLL_H 1
#define HAVE_SYS_POLL_H 1
#define HAVE_SYS_XATTR_H 1
#define HAVE_SYS_FILE_H 1
#define HAVE_SYS_IOCTL_H 1
#define HAVE_SYS_PARAM_H 1
#define HAVE_SYS_SELECT_H 1
#define HAVE_SYS_SENDFILE_H 1
#define HAVE_SYS_SOCKET_H 1
#define HAVE_SYS_STATVFS_H 1
#define HAVE_SYS_STAT_H 1
#define HAVE_SYS_SYSCALL_H 1
#define HAVE_SYS_TIME_H 1
#define HAVE_SYS_TIMES_H 1
#define HAVE_SYS_TYPES_H 1
#define HAVE_SYS_UIO_H 1
#define HAVE_SYS_UN_H 1
#define HAVE_SYS_UTSNAME_H 1
#define HAVE_SYS_WAIT_H 1
#define HAVE_PTY_H 1
#define HAVE_SYS_RESOURCE_H 1
#define HAVE_NETPACKET_PACKET_H 1
#define HAVE_SYSEXITS_H 1
#define HAVE_LINUX_TIPC_H 1
#define HAVE_LINUX_RANDOM_H 1
#define HAVE_SPAWN_H 1
#define HAVE_ALLOCA_H 1
#define HAVE_ENDIAN_H 1
#define HAVE_SYS_SYSMACROS_H 1
#define HAVE_LINUX_AUXVEC_H 1
#define HAVE_SYS_AUXV_H 1
#define HAVE_LINUX_MEMFD_H 1
#define HAVE_LINUX_WAIT_H 1
#define HAVE_SYS_MMAN_H 1
#define HAVE_SYS_EVENTFD_H 1
#define HAVE_DIRENT_H 1
#define HAVE_NET_IF_H 1
#define HAVE_LINUX_NETLINK_H 1

configure: caught signal 2
configure: exit 1
